-- phpMyAdmin SQL Dump
-- version 4.0.10.7
-- http://www.phpmyadmin.net
--
-- 主机: localhost
-- 生成日期: 2015-08-16 21:09:11
-- 服务器版本: 5.5.32-cll-lve
-- PHP 版本: 5.4.23

SET SQL_MODE = "NO_AUTO_VALUE_ON_ZERO";
SET time_zone = "+00:00";


/*!40101 SET @OLD_CHARACTER_SET_CLIENT=@@CHARACTER_SET_CLIENT */;
/*!40101 SET @OLD_CHARACTER_SET_RESULTS=@@CHARACTER_SET_RESULTS */;
/*!40101 SET @OLD_COLLATION_CONNECTION=@@COLLATION_CONNECTION */;
/*!40101 SET NAMES utf8 */;

--
-- 数据库: `spidecjy_diti`
--

-- --------------------------------------------------------

--
-- 表的结构 `diets`
--

CREATE TABLE IF NOT EXISTS `diets` (
  `foodId` int(11) NOT NULL,
  `copies` int(10) NOT NULL DEFAULT '1',
  `datetime` datetime NOT NULL
) ENGINE=InnoDB DEFAULT CHARSET=latin1;

--
-- 转存表中的数据 `diets`
--

INSERT INTO `diets` (`foodId`, `copies`, `datetime`) VALUES
(3, 1, '2014-11-28 00:35:51'),
(4, 1, '2014-11-29 22:36:11'),
(1, 1, '2014-11-29 22:42:29'),
(3, 2, '2014-12-01 21:55:32'),
(21, 1, '2014-12-02 22:30:41'),
(3, 1, '2014-12-02 22:32:49'),
(1, 1, '2014-12-03 08:26:41'),
(5, 2, '2014-12-03 08:26:53'),
(22, 1, '2014-12-03 08:29:29'),
(1, 1, '2014-12-04 08:46:59'),
(5, 2, '2014-12-04 08:47:07'),
(22, 1, '2014-12-04 08:47:15'),
(23, 1, '2014-12-05 08:06:44'),
(1, 1, '2014-12-05 09:12:08'),
(5, 1, '2014-12-05 09:12:22'),
(5, 1, '2014-12-05 09:12:36'),
(22, 1, '2014-12-05 09:12:45'),
(24, 1, '2014-12-05 22:02:23'),
(24, 3, '2014-12-06 21:21:41'),
(5, 2, '2014-12-07 11:13:19'),
(22, 1, '2014-12-07 11:13:27'),
(5, 1, '2014-12-07 11:13:36'),
(3, 2, '2014-12-07 15:07:44'),
(1, 1, '2014-12-07 15:08:03'),
(3, 1, '2014-12-07 15:08:28'),
(4, 1, '2014-12-07 21:37:31'),
(5, 2, '2014-12-08 09:05:38'),
(22, 1, '2014-12-08 09:05:50'),
(1, 1, '2014-12-08 09:06:05'),
(5, 1, '2014-12-08 09:14:54'),
(5, 2, '2014-12-09 09:55:03'),
(1, 1, '2014-12-09 09:55:11'),
(22, 1, '2014-12-09 09:55:14'),
(23, 1, '2014-12-09 13:07:06'),
(26, 1, '2014-12-10 08:48:40'),
(5, 2, '2014-12-10 08:51:14'),
(22, 1, '2014-12-10 08:51:32'),
(1, 1, '2014-12-10 08:51:41'),
(5, 2, '2014-12-11 08:44:22'),
(1, 1, '2014-12-11 08:44:35'),
(22, 1, '2014-12-11 08:44:44'),
(26, 1, '2014-12-11 08:44:55'),
(3, 2, '2014-12-11 21:54:33'),
(27, 1, '2014-12-12 07:44:10'),
(5, 2, '2014-12-12 07:44:29'),
(1, 1, '2014-12-12 07:44:39'),
(22, 1, '2014-12-12 07:44:47'),
(26, 1, '2014-12-12 07:44:56'),
(2, 1, '2014-12-12 21:55:46'),
(3, 2, '2014-12-12 21:55:57'),
(28, 1, '2014-12-13 09:04:45'),
(29, 1, '2014-12-13 09:14:49'),
(28, 1, '2014-12-13 09:15:30'),
(22, 1, '2014-12-13 22:37:09'),
(5, 2, '2014-12-14 12:01:53'),
(22, 1, '2014-12-14 12:02:06'),
(1, 1, '2014-12-14 12:02:27'),
(27, 1, '2014-12-14 12:02:41'),
(30, 1, '2014-12-14 21:11:16'),
(3, 2, '2014-12-14 21:11:30'),
(5, 2, '2014-12-15 07:34:46'),
(2, 2, '2014-12-15 07:35:01'),
(30, 1, '2014-12-15 07:35:12'),
(29, 1, '2014-12-15 07:35:28'),
(27, 2, '2014-12-15 07:35:51'),
(31, 1, '2014-12-15 08:13:39'),
(31, 1, '2014-12-15 22:07:02'),
(31, 3, '2014-12-16 23:40:59'),
(5, 2, '2014-12-17 08:37:40'),
(1, 1, '2014-12-17 08:37:55'),
(27, 2, '2014-12-17 08:38:07'),
(29, 1, '2014-12-17 08:38:20'),
(32, 1, '2014-12-17 08:40:11'),
(1, 1, '2014-12-18 22:00:23'),
(33, 1, '2014-12-18 22:30:19'),
(5, 2, '2014-12-19 23:22:45'),
(1, 1, '2014-12-19 23:22:50'),
(22, 1, '2014-12-19 23:22:55'),
(31, 2, '2014-12-19 23:47:53'),
(27, 2, '2014-12-19 23:48:12'),
(29, 1, '2014-12-19 23:48:24'),
(32, 1, '2014-12-20 09:15:27'),
(27, 2, '2014-12-20 09:15:32'),
(5, 2, '2014-12-20 09:15:39'),
(1, 2, '2014-12-20 09:15:45'),
(29, 1, '2014-12-20 09:15:51'),
(36, 1, '2014-12-21 13:37:22'),
(5, 2, '2014-12-22 08:41:45'),
(22, 1, '2014-12-22 08:41:58'),
(27, 3, '2014-12-22 08:42:07'),
(37, 1, '2014-12-22 08:44:40'),
(38, 1, '2014-12-22 08:46:10'),
(36, 1, '2014-12-22 08:46:32'),
(5, 2, '2014-12-24 08:24:16'),
(1, 1, '2014-12-24 08:24:23'),
(37, 1, '2014-12-24 08:24:37'),
(32, 1, '2014-12-24 08:24:46'),
(39, 1, '2014-12-24 20:31:05'),
(28, 2, '2014-12-25 08:51:04'),
(32, 1, '2014-12-25 08:51:21'),
(39, 1, '2014-12-25 08:51:35'),
(27, 2, '2014-12-25 08:51:47'),
(37, 1, '2014-12-25 08:52:00'),
(30, 1, '2014-12-25 08:52:19'),
(38, 1, '2014-12-25 08:52:33'),
(39, 2, '2014-12-26 13:55:47'),
(24, 1, '2014-12-26 15:46:41'),
(40, 1, '2014-12-27 13:24:00'),
(40, 1, '2014-12-27 13:24:37'),
(40, 22, '2014-12-27 13:28:32'),
(24, 1, '2014-12-27 18:18:12'),
(36, 1, '2014-12-28 10:05:06'),
(27, 2, '2014-12-28 10:05:17'),
(28, 2, '2014-12-28 10:05:34'),
(38, 1, '2014-12-28 10:05:44'),
(32, 1, '2014-12-28 10:05:54'),
(37, 1, '2014-12-28 10:06:18'),
(24, 1, '2014-12-28 15:24:48'),
(41, 1, '2014-12-28 15:55:45'),
(39, 1, '2014-12-28 22:50:33'),
(5, 2, '2014-12-29 19:51:47'),
(41, 1, '2014-12-29 19:51:59'),
(27, 1, '2014-12-29 19:52:07'),
(32, 1, '2014-12-29 19:52:19'),
(37, 1, '2014-12-29 19:52:39'),
(5, 2, '2014-12-30 08:58:48'),
(37, 1, '2014-12-30 08:59:11'),
(38, 1, '2014-12-30 08:59:17'),
(41, 1, '2014-12-30 09:00:56'),
(5, 2, '2014-12-31 09:12:04'),
(27, 2, '2014-12-31 09:12:17'),
(30, 1, '2014-12-31 09:12:27'),
(37, 1, '2014-12-31 09:12:41'),
(32, 1, '2014-12-31 09:12:50'),
(41, 1, '2014-12-31 09:13:00'),
(38, 1, '2014-12-31 09:13:15'),
(5, 2, '2015-01-05 13:12:01'),
(27, 3, '2015-01-05 13:12:06'),
(37, 1, '2015-01-05 13:12:15'),
(38, 1, '2015-01-05 13:12:26'),
(30, 1, '2015-01-05 13:12:33'),
(32, 1, '2015-01-05 13:12:42'),
(39, 2, '2015-01-05 13:13:02'),
(5, 2, '2015-01-06 09:13:03'),
(32, 1, '2015-01-06 09:13:09'),
(27, 2, '2015-01-06 09:13:17'),
(38, 1, '2015-01-06 09:13:25'),
(1, 1, '2015-01-06 09:13:35'),
(5, 1, '2015-01-07 09:01:11'),
(5, 1, '2015-01-07 09:01:16'),
(27, 2, '2015-01-07 09:01:24'),
(1, 1, '2015-01-07 09:01:30'),
(32, 2, '2015-01-07 09:01:38'),
(37, 1, '2015-01-07 09:01:46'),
(38, 1, '2015-01-07 09:01:58'),
(30, 1, '2015-01-07 09:02:24'),
(5, 2, '2015-01-08 07:09:54'),
(32, 1, '2015-01-08 07:10:05'),
(1, 1, '2015-01-08 07:10:37'),
(37, 1, '2015-01-08 07:10:50'),
(27, 1, '2015-01-08 07:11:01'),
(38, 1, '2015-01-08 07:11:16'),
(42, 1, '2015-01-08 07:12:46'),
(30, 1, '2015-01-08 07:31:56'),
(5, 2, '2015-01-09 08:05:40'),
(27, 2, '2015-01-09 08:05:45'),
(1, 1, '2015-01-09 08:05:48'),
(30, 1, '2015-01-09 08:05:53'),
(32, 1, '2015-01-09 08:05:57'),
(38, 1, '2015-01-09 08:06:03'),
(5, 2, '2015-01-10 10:19:40'),
(32, 1, '2015-01-10 10:19:43'),
(38, 1, '2015-01-10 10:19:47'),
(27, 4, '2015-01-10 10:19:52'),
(43, 1, '2015-01-10 10:21:25'),
(5, 2, '2015-01-11 15:07:56'),
(27, 2, '2015-01-11 15:08:01'),
(29, 1, '2015-01-11 15:08:15'),
(32, 1, '2015-01-11 15:08:23'),
(38, 1, '2015-01-11 15:08:28'),
(1, 1, '2015-01-11 15:08:34'),
(44, 1, '2015-01-11 16:18:51'),
(5, 2, '2015-01-12 08:59:33'),
(32, 2, '2015-01-12 08:59:37'),
(27, 3, '2015-01-12 08:59:41'),
(29, 1, '2015-01-12 08:59:51'),
(30, 1, '2015-01-12 09:00:00'),
(5, 2, '2015-01-15 10:24:23'),
(27, 2, '2015-01-15 10:24:26'),
(36, 1, '2015-01-15 10:24:34'),
(26, 1, '2015-01-15 10:25:03'),
(32, 1, '2015-01-15 10:26:21'),
(38, 1, '2015-01-15 10:26:27'),
(30, 1, '2015-01-15 10:33:38'),
(31, 1, '2015-01-15 10:38:25'),
(5, 2, '2015-01-16 08:57:36'),
(27, 2, '2015-01-16 08:57:54'),
(36, 1, '2015-01-16 08:58:08'),
(32, 1, '2015-01-16 08:58:19'),
(38, 1, '2015-01-16 08:58:33'),
(29, 1, '2015-01-16 08:58:47'),
(30, 1, '2015-01-16 08:59:25'),
(31, 1, '2015-01-16 08:59:37'),
(45, 1, '2015-01-16 23:15:50'),
(1, 1, '2015-01-17 10:11:47'),
(30, 1, '2015-01-17 10:11:51'),
(46, 1, '2015-01-17 10:13:43'),
(5, 2, '2015-01-18 10:45:00'),
(27, 2, '2015-01-18 10:45:05'),
(1, 1, '2015-01-18 10:45:08'),
(32, 1, '2015-01-18 10:45:14'),
(30, 1, '2015-01-18 10:45:20'),
(29, 1, '2015-01-18 10:45:25'),
(38, 1, '2015-01-18 10:45:35'),
(31, 1, '2015-01-18 10:46:52'),
(47, 1, '2015-01-18 10:47:45'),
(5, 2, '2015-01-19 09:25:52'),
(38, 1, '2015-01-19 09:25:59'),
(1, 1, '2015-01-19 09:26:05'),
(48, 1, '2015-01-20 07:59:25'),
(49, 1, '2015-01-20 08:02:48'),
(5, 2, '2015-01-20 08:02:58'),
(27, 2, '2015-01-20 08:03:09'),
(38, 1, '2015-01-20 08:03:17'),
(30, 1, '2015-01-20 08:03:28'),
(29, 1, '2015-01-20 08:03:38'),
(31, 1, '2015-01-20 08:03:47'),
(32, 1, '2015-01-21 07:47:22'),
(38, 1, '2015-01-21 07:47:27'),
(30, 1, '2015-01-21 07:47:31'),
(27, 2, '2015-01-21 07:47:54'),
(50, 1, '2015-01-21 07:48:31'),
(5, 2, '2015-01-21 07:50:01'),
(29, 1, '2015-01-21 07:54:43'),
(27, 2, '2015-01-23 11:04:17'),
(50, 1, '2015-01-23 11:04:25'),
(5, 2, '2015-01-23 11:04:30'),
(29, 1, '2015-01-23 11:04:35'),
(32, 1, '2015-01-23 11:04:40'),
(31, 1, '2015-01-23 11:04:46'),
(30, 1, '2015-01-23 11:04:59'),
(38, 1, '2015-01-23 11:05:04'),
(5, 2, '2015-01-24 10:47:09'),
(27, 2, '2015-01-24 10:47:12'),
(38, 1, '2015-01-24 10:47:17'),
(32, 1, '2015-01-24 10:47:27'),
(26, 1, '2015-01-24 10:47:45'),
(31, 1, '2015-01-24 10:47:51'),
(5, 2, '2015-01-25 09:43:49'),
(27, 2, '2015-01-25 09:43:52'),
(1, 1, '2015-01-25 09:43:56'),
(38, 1, '2015-01-25 09:44:01'),
(32, 1, '2015-01-25 09:44:05'),
(31, 1, '2015-01-25 09:44:17'),
(29, 1, '2015-01-25 09:44:21'),
(5, 2, '2015-01-26 08:17:30'),
(27, 2, '2015-01-26 08:17:33'),
(1, 1, '2015-01-26 08:17:38'),
(32, 1, '2015-01-26 08:17:42'),
(38, 1, '2015-01-26 08:17:45'),
(30, 1, '2015-01-26 08:17:49'),
(29, 1, '2015-01-26 08:17:56'),
(47, 1, '2015-01-26 08:18:04'),
(5, 2, '2015-01-27 09:06:07'),
(1, 1, '2015-01-27 09:06:14'),
(32, 1, '2015-01-27 09:06:21'),
(38, 1, '2015-01-27 09:06:29'),
(5, 2, '2015-01-28 22:09:54'),
(1, 1, '2015-01-28 22:09:58'),
(32, 1, '2015-01-28 22:10:07'),
(38, 1, '2015-01-28 22:10:16'),
(29, 2, '2015-01-28 22:10:25'),
(27, 2, '2015-01-29 09:20:48'),
(5, 2, '2015-01-29 09:20:50'),
(32, 2, '2015-01-29 09:20:53'),
(38, 1, '2015-01-29 09:20:57'),
(29, 1, '2015-01-29 09:21:05'),
(1, 1, '2015-01-29 09:21:09'),
(30, 1, '2015-01-29 09:21:27'),
(5, 2, '2015-02-02 21:10:04'),
(27, 2, '2015-02-02 21:10:07'),
(1, 1, '2015-02-02 21:10:10'),
(32, 1, '2015-02-02 21:10:14'),
(30, 1, '2015-02-02 21:10:20'),
(38, 1, '2015-02-02 21:10:23'),
(29, 1, '2015-02-02 21:10:28'),
(5, 2, '2015-02-03 21:56:19'),
(32, 2, '2015-02-03 21:56:26'),
(38, 1, '2015-02-03 21:56:35'),
(5, 2, '2015-02-04 08:55:45'),
(27, 2, '2015-02-04 08:55:48'),
(32, 1, '2015-02-04 08:55:51'),
(1, 1, '2015-02-04 08:55:54'),
(38, 1, '2015-02-04 08:55:58'),
(30, 1, '2015-02-04 08:56:12'),
(29, 1, '2015-02-04 08:57:03'),
(5, 2, '2015-02-05 08:13:26'),
(27, 2, '2015-02-05 08:13:30'),
(32, 1, '2015-02-05 08:13:32'),
(1, 1, '2015-02-05 08:13:35'),
(38, 1, '2015-02-05 08:13:38'),
(30, 1, '2015-02-05 08:13:42'),
(31, 1, '2015-02-05 08:14:13'),
(29, 1, '2015-02-05 08:14:46'),
(5, 2, '2015-02-06 09:04:18'),
(50, 1, '2015-02-06 09:04:31'),
(38, 1, '2015-02-06 09:04:40'),
(32, 1, '2015-02-06 09:04:47'),
(5, 2, '2015-02-08 08:55:08'),
(27, 3, '2015-02-08 08:55:11'),
(27, 1, '2015-02-08 08:55:14'),
(38, 1, '2015-02-08 08:55:19'),
(29, 2, '2015-02-08 08:55:25'),
(1, 1, '2015-02-08 08:55:33'),
(30, 1, '2015-02-08 08:55:43'),
(5, 2, '2015-02-09 08:20:06'),
(27, 2, '2015-02-09 08:20:09'),
(32, 1, '2015-02-09 08:20:13'),
(1, 1, '2015-02-09 08:20:16'),
(38, 1, '2015-02-09 08:20:20'),
(29, 1, '2015-02-09 08:20:25'),
(30, 1, '2015-02-09 08:20:28'),
(31, 1, '2015-02-09 08:20:31'),
(5, 2, '2015-02-10 09:17:55'),
(27, 2, '2015-02-10 09:17:58'),
(32, 1, '2015-02-10 09:18:01'),
(1, 1, '2015-02-10 09:18:03'),
(38, 1, '2015-02-10 09:18:06'),
(31, 1, '2015-02-10 09:18:10'),
(29, 1, '2015-02-10 09:18:22'),
(5, 2, '2015-02-11 22:31:49'),
(27, 2, '2015-02-11 22:31:51'),
(32, 1, '2015-02-11 22:31:55'),
(38, 1, '2015-02-11 22:31:58'),
(1, 1, '2015-02-11 22:32:02'),
(29, 1, '2015-02-11 22:32:13'),
(5, 2, '2015-02-12 22:56:40'),
(1, 1, '2015-02-12 22:56:46'),
(32, 1, '2015-02-12 22:56:48'),
(38, 1, '2015-02-12 22:56:52'),
(5, 1, '2015-02-13 17:57:03'),
(38, 1, '2015-02-13 17:57:07'),
(5, 2, '2015-02-14 09:44:37'),
(27, 2, '2015-02-14 09:44:40'),
(32, 1, '2015-02-14 09:44:43'),
(38, 1, '2015-02-14 09:44:48'),
(29, 1, '2015-02-14 09:45:08'),
(30, 1, '2015-02-14 09:47:00'),
(5, 1, '2015-02-15 08:30:31'),
(5, 1, '2015-02-15 08:30:33'),
(27, 2, '2015-02-15 08:30:37'),
(32, 1, '2015-02-15 08:30:39'),
(1, 1, '2015-02-15 08:30:43'),
(38, 1, '2015-02-15 08:30:47'),
(29, 1, '2015-02-15 08:30:50'),
(30, 1, '2015-02-15 08:30:54'),
(51, 2, '2015-02-15 08:32:30'),
(5, 2, '2015-02-16 09:42:27'),
(27, 2, '2015-02-16 09:42:30'),
(32, 1, '2015-02-16 09:42:33'),
(1, 1, '2015-02-16 09:42:36'),
(38, 1, '2015-02-16 09:42:39'),
(29, 1, '2015-02-16 09:42:44'),
(5, 2, '2015-02-17 20:47:16'),
(27, 2, '2015-02-17 20:47:19'),
(51, 2, '2015-02-17 20:47:26'),
(32, 1, '2015-02-17 20:47:29'),
(1, 1, '2015-02-17 20:47:34'),
(38, 1, '2015-02-17 20:47:37'),
(1, 1, '2015-02-18 15:18:21'),
(5, 2, '2015-02-22 09:07:56'),
(27, 3, '2015-02-22 09:08:00'),
(1, 1, '2015-02-22 09:08:05'),
(29, 1, '2015-02-22 09:08:10'),
(5, 2, '2015-02-25 08:57:14'),
(1, 1, '2015-02-25 08:57:21'),
(38, 1, '2015-02-25 08:57:25'),
(5, 2, '2015-02-26 16:05:45'),
(1, 1, '2015-02-26 16:05:49'),
(38, 1, '2015-02-26 16:05:53'),
(30, 1, '2015-02-26 16:05:56'),
(5, 2, '2015-02-27 08:47:42'),
(27, 2, '2015-02-27 08:47:48'),
(1, 1, '2015-02-27 08:47:51'),
(32, 1, '2015-02-27 08:47:55'),
(38, 1, '2015-02-27 08:47:59'),
(29, 1, '2015-02-27 08:48:14'),
(5, 2, '2015-02-28 07:36:37'),
(27, 2, '2015-02-28 07:36:50'),
(1, 1, '2015-02-28 07:36:56'),
(32, 1, '2015-02-28 07:37:01'),
(38, 1, '2015-02-28 07:37:06'),
(29, 1, '2015-02-28 07:37:13'),
(30, 1, '2015-02-28 07:37:18'),
(5, 2, '2015-03-02 06:11:10'),
(27, 2, '2015-03-02 06:11:13'),
(1, 1, '2015-03-02 06:11:16'),
(32, 1, '2015-03-02 06:11:19'),
(30, 1, '2015-03-02 06:11:30'),
(5, 2, '2015-03-03 06:44:13'),
(27, 2, '2015-03-03 06:57:26'),
(1, 1, '2015-03-03 06:57:33'),
(32, 1, '2015-03-03 06:57:40'),
(38, 1, '2015-03-03 06:57:49'),
(29, 1, '2015-03-03 06:57:59'),
(30, 1, '2015-03-03 06:58:08'),
(31, 1, '2015-03-03 06:58:16'),
(5, 2, '2015-03-05 09:27:50'),
(1, 1, '2015-03-05 09:27:53'),
(32, 1, '2015-03-05 09:27:56'),
(30, 1, '2015-03-05 09:28:01'),
(5, 2, '2015-03-06 08:50:39'),
(27, 2, '2015-03-06 08:50:42'),
(1, 1, '2015-03-06 08:50:46'),
(32, 1, '2015-03-06 08:50:49'),
(38, 1, '2015-03-06 08:50:53'),
(29, 1, '2015-03-06 08:50:56'),
(5, 2, '2015-03-07 09:46:43'),
(27, 1, '2015-03-07 09:46:46'),
(27, 1, '2015-03-07 09:46:51'),
(1, 1, '2015-03-07 09:46:55'),
(32, 1, '2015-03-07 09:46:58'),
(38, 1, '2015-03-07 09:47:02'),
(29, 1, '2015-03-07 09:47:07'),
(5, 2, '2015-03-09 08:02:37'),
(27, 2, '2015-03-09 08:02:40'),
(1, 1, '2015-03-09 08:02:43'),
(32, 1, '2015-03-09 08:02:46'),
(38, 1, '2015-03-09 08:02:55'),
(29, 1, '2015-03-09 08:02:58'),
(30, 1, '2015-03-09 08:03:03'),
(5, 2, '2015-03-10 08:00:03'),
(5, 1, '2015-03-10 08:01:27'),
(27, 2, '2015-03-10 08:01:56'),
(1, 1, '2015-03-10 08:01:59'),
(32, 1, '2015-03-10 08:02:01'),
(38, 1, '2015-03-10 08:02:04'),
(29, 1, '2015-03-10 08:02:09'),
(30, 1, '2015-03-10 08:02:15'),
(5, 2, '2015-03-11 07:21:31'),
(27, 2, '2015-03-11 07:21:42'),
(32, 1, '2015-03-11 07:21:49'),
(38, 1, '2015-03-11 07:21:58'),
(29, 1, '2015-03-11 07:22:04'),
(5, 2, '2015-03-12 08:47:41'),
(27, 2, '2015-03-12 08:47:45'),
(1, 1, '2015-03-12 08:47:48'),
(32, 1, '2015-03-12 08:47:52'),
(38, 1, '2015-03-12 08:47:55'),
(29, 1, '2015-03-12 08:47:59'),
(30, 1, '2015-03-12 08:48:02'),
(2, 1, '2015-03-16 07:32:09'),
(27, 2, '2015-03-16 07:32:14'),
(38, 1, '2015-03-16 07:32:28'),
(5, 2, '2015-03-16 07:32:32'),
(29, 1, '2015-03-16 07:32:37'),
(30, 1, '2015-03-16 07:32:41'),
(52, 1, '2015-03-16 08:25:33'),
(5, 2, '2015-03-17 08:57:33'),
(27, 5, '2015-03-17 08:57:36'),
(1, 1, '2015-03-17 08:57:41'),
(38, 1, '2015-03-17 08:57:45'),
(29, 1, '2015-03-17 08:57:48'),
(52, 1, '2015-03-17 08:57:56'),
(5, 2, '2015-03-18 08:23:02'),
(27, 1, '2015-03-18 08:23:05'),
(1, 1, '2015-03-18 08:23:08'),
(52, 1, '2015-03-18 08:23:15'),
(38, 1, '2015-03-18 08:23:20'),
(29, 1, '2015-03-18 08:23:23'),
(30, 1, '2015-03-18 08:23:26'),
(27, 1, '2015-03-18 08:23:33'),
(5, 2, '2015-03-19 08:09:05'),
(27, 2, '2015-03-19 08:09:08'),
(1, 1, '2015-03-19 08:09:11'),
(38, 1, '2015-03-19 08:09:16'),
(29, 1, '2015-03-19 08:09:19'),
(30, 1, '2015-03-19 08:09:21'),
(52, 1, '2015-03-19 08:09:29'),
(5, 1, '2015-03-20 19:59:11'),
(5, 1, '2015-03-20 19:59:14'),
(27, 2, '2015-03-20 19:59:18'),
(29, 5, '2015-03-20 19:59:25'),
(38, 1, '2015-03-20 19:59:29'),
(52, 1, '2015-03-20 19:59:35'),
(5, 1, '2015-03-21 10:23:20'),
(27, 2, '2015-03-21 10:23:24'),
(1, 1, '2015-03-21 10:23:27'),
(30, 1, '2015-03-21 10:23:34'),
(1, 1, '2015-03-25 06:50:19'),
(53, 2, '2015-03-26 07:39:24'),
(27, 2, '2015-03-26 09:16:15'),
(38, 1, '2015-03-26 09:16:21'),
(30, 1, '2015-03-26 09:16:27'),
(1, 1, '2015-03-26 09:16:33'),
(52, 2, '2015-03-26 09:17:21'),
(1, 1, '2015-03-27 08:07:27'),
(53, 2, '2015-03-27 08:45:23'),
(27, 3, '2015-03-27 08:45:26'),
(38, 1, '2015-03-27 08:45:30'),
(29, 1, '2015-03-27 08:45:36'),
(52, 1, '2015-03-27 08:45:45'),
(53, 2, '2015-03-28 09:24:54'),
(27, 2, '2015-03-28 09:25:05'),
(1, 1, '2015-03-28 09:25:35'),
(38, 1, '2015-03-28 09:25:40'),
(54, 1, '2015-03-28 09:27:48'),
(37, 1, '2015-03-28 09:28:07'),
(30, 1, '2015-03-28 09:28:15'),
(55, 1, '2015-03-28 18:28:47'),
(1, 1, '2015-03-29 08:36:37'),
(27, 2, '2015-03-29 09:25:52'),
(53, 2, '2015-03-29 09:26:01'),
(38, 2, '2015-03-29 09:26:08'),
(29, 1, '2015-03-29 09:26:14'),
(30, 1, '2015-03-29 09:26:20'),
(54, 1, '2015-03-29 09:26:39'),
(1, 1, '2015-03-30 07:26:23'),
(5, 2, '2015-03-30 08:33:51'),
(38, 1, '2015-03-30 08:33:59'),
(54, 1, '2015-03-30 08:34:16'),
(27, 12, '2015-03-30 08:34:28'),
(29, 1, '2015-03-30 08:34:39'),
(30, 1, '2015-03-30 08:34:44'),
(1, 1, '2015-03-31 07:23:00'),
(53, 2, '2015-03-31 08:35:12'),
(27, 2, '2015-03-31 08:35:16'),
(38, 1, '2015-03-31 08:35:21'),
(30, 1, '2015-03-31 08:35:24'),
(29, 1, '2015-03-31 08:35:28'),
(54, 1, '2015-03-31 08:35:35'),
(53, 2, '2015-04-01 08:48:31'),
(27, 2, '2015-04-01 08:48:34'),
(1, 1, '2015-04-01 08:48:37'),
(38, 1, '2015-04-01 08:48:40'),
(54, 1, '2015-04-01 08:48:50'),
(30, 1, '2015-04-01 08:48:55'),
(29, 1, '2015-04-01 08:49:06'),
(5, 2, '2015-04-07 08:40:16'),
(54, 1, '2015-04-07 08:40:24'),
(1, 1, '2015-04-07 08:40:29'),
(38, 1, '2015-04-07 08:40:31'),
(5, 2, '2015-04-08 09:04:16'),
(1, 1, '2015-04-08 09:04:18'),
(27, 2, '2015-04-08 09:04:21'),
(38, 1, '2015-04-08 09:04:24'),
(29, 1, '2015-04-08 09:04:27'),
(54, 1, '2015-04-08 09:04:32'),
(5, 2, '2015-04-09 09:00:26'),
(27, 2, '2015-04-09 09:00:30'),
(1, 1, '2015-04-09 09:00:33'),
(38, 1, '2015-04-09 09:00:36'),
(54, 1, '2015-04-09 09:00:45'),
(5, 5, '2015-04-10 23:05:32'),
(31, 1, '2015-04-10 23:05:38'),
(1, 1, '2015-04-11 09:01:38'),
(38, 1, '2015-04-11 09:01:45'),
(53, 1, '2015-04-11 09:01:59'),
(53, 1, '2015-04-11 09:02:07'),
(54, 1, '2015-04-11 09:02:15'),
(53, 2, '2015-04-13 21:00:27'),
(27, 10, '2015-04-13 21:00:32'),
(1, 1, '2015-04-13 21:00:35'),
(38, 1, '2015-04-13 21:00:38'),
(54, 1, '2015-04-13 21:00:42'),
(53, 2, '2015-04-14 08:43:49'),
(1, 1, '2015-04-14 08:43:55'),
(54, 1, '2015-04-14 08:44:02'),
(38, 1, '2015-04-14 08:44:09'),
(54, 1, '2015-04-15 09:07:04'),
(1, 1, '2015-04-15 09:07:07'),
(38, 1, '2015-04-15 09:07:11'),
(53, 2, '2015-04-15 09:07:19'),
(23, 1, '2015-04-15 11:25:35'),
(56, 1, '2015-04-15 11:34:47'),
(53, 2, '2015-04-16 09:24:07'),
(31, 1, '2015-04-16 09:24:34'),
(1, 1, '2015-04-17 08:12:43'),
(57, 1, '2015-04-17 08:14:05'),
(38, 1, '2015-04-17 08:14:18'),
(53, 2, '2015-04-17 08:14:35'),
(30, 1, '2015-04-17 08:14:43'),
(53, 2, '2015-04-18 21:07:08'),
(1, 1, '2015-04-18 21:07:12'),
(38, 1, '2015-04-18 21:07:16'),
(57, 1, '2015-04-18 21:07:24'),
(58, 1, '2015-04-18 21:08:38'),
(53, 2, '2015-04-20 09:18:32'),
(57, 1, '2015-04-20 09:18:36'),
(1, 1, '2015-04-20 09:18:39'),
(38, 1, '2015-04-20 09:18:42'),
(53, 2, '2015-04-21 09:13:40'),
(57, 1, '2015-04-21 09:13:48'),
(38, 1, '2015-04-21 09:13:52'),
(57, 1, '2015-04-22 09:01:39'),
(1, 1, '2015-04-22 09:01:49'),
(38, 1, '2015-04-22 09:01:52'),
(59, 1, '2015-04-22 09:02:31'),
(59, 1, '2015-04-22 09:02:56'),
(53, 1, '2015-04-22 09:03:22'),
(54, 1, '2015-04-23 09:01:23'),
(53, 2, '2015-04-23 09:01:27'),
(58, 1, '2015-04-23 09:01:58'),
(53, 2, '2015-04-24 09:05:07'),
(1, 1, '2015-04-24 09:05:10'),
(49, 1, '2015-04-24 09:05:26'),
(38, 1, '2015-04-24 09:05:32'),
(5, 1, '2015-04-27 09:00:52'),
(1, 1, '2015-04-27 09:00:58'),
(60, 1, '2015-04-28 09:30:55'),
(60, 1, '2015-04-28 09:31:12'),
(1, 1, '2015-04-28 09:31:16'),
(57, 1, '2015-04-28 09:31:29'),
(38, 1, '2015-04-28 09:31:32'),
(53, 1, '2015-04-28 09:31:38'),
(59, 2, '2015-04-29 08:44:52'),
(2, 1, '2015-04-29 08:45:58'),
(32, 1, '2015-04-29 08:46:02'),
(38, 1, '2015-04-29 08:46:07'),
(60, 1, '2015-04-29 08:46:24'),
(60, 2, '2015-05-01 09:50:44'),
(32, 1, '2015-05-01 09:50:47'),
(38, 1, '2015-05-01 09:50:50'),
(1, 1, '2015-05-01 09:51:02'),
(5, 2, '2015-05-04 08:29:39'),
(1, 1, '2015-05-04 08:29:43'),
(38, 1, '2015-05-04 08:29:46'),
(32, 1, '2015-05-04 08:29:49'),
(53, 1, '2015-05-04 08:30:01'),
(5, 2, '2015-05-05 23:45:06'),
(1, 1, '2015-05-05 23:45:09'),
(38, 1, '2015-05-05 23:45:12'),
(32, 1, '2015-05-05 23:45:15'),
(53, 2, '2015-05-06 09:08:16'),
(32, 1, '2015-05-06 09:08:22'),
(38, 1, '2015-05-06 09:08:42'),
(1, 1, '2015-05-06 09:08:51'),
(5, 2, '2015-05-07 08:31:48'),
(1, 1, '2015-05-07 08:31:51'),
(38, 1, '2015-05-07 08:31:54'),
(32, 1, '2015-05-07 08:31:58'),
(59, 2, '2015-05-08 08:51:41'),
(1, 1, '2015-05-08 08:51:46'),
(38, 1, '2015-05-08 08:51:51'),
(32, 1, '2015-05-08 08:51:56'),
(32, 1, '2015-05-09 15:49:22'),
(60, 1, '2015-05-09 15:49:38'),
(38, 1, '2015-05-09 15:49:51'),
(1, 1, '2015-05-09 15:50:28'),
(60, 2, '2015-05-12 08:57:47'),
(38, 1, '2015-05-12 08:57:50'),
(32, 1, '2015-05-12 08:57:53'),
(1, 1, '2015-05-12 08:57:56'),
(38, 1, '2015-05-13 09:55:13'),
(1, 1, '2015-05-13 09:55:18'),
(60, 2, '2015-05-13 09:55:46'),
(32, 1, '2015-05-13 09:55:56'),
(61, 1, '2015-05-13 13:13:47'),
(30, 1, '2015-05-13 13:31:08'),
(1, 1, '2015-05-14 22:15:32'),
(5, 2, '2015-05-16 11:10:34'),
(55, 1, '2015-05-16 11:10:45'),
(32, 1, '2015-05-18 08:31:58'),
(1, 1, '2015-05-18 08:32:04'),
(38, 1, '2015-05-18 08:32:13'),
(62, 2, '2015-05-18 08:32:52'),
(1, 1, '2015-05-19 06:33:08'),
(5, 2, '2015-05-19 08:36:49'),
(38, 1, '2015-05-19 08:36:53'),
(32, 1, '2015-05-19 08:36:56'),
(5, 2, '2015-05-20 09:23:37'),
(1, 1, '2015-05-20 09:23:44'),
(38, 1, '2015-05-20 09:23:51'),
(32, 1, '2015-05-20 09:23:59'),
(5, 2, '2015-05-21 08:54:12'),
(1, 1, '2015-05-21 08:54:14'),
(38, 1, '2015-05-21 08:54:17'),
(32, 1, '2015-05-21 08:54:20'),
(5, 2, '2015-05-22 09:01:03'),
(32, 1, '2015-05-22 09:01:05'),
(1, 1, '2015-05-22 09:01:15'),
(5, 2, '2015-05-26 09:41:41'),
(38, 1, '2015-05-26 09:41:49'),
(1, 1, '2015-05-26 09:41:57'),
(32, 1, '2015-05-26 09:42:06'),
(58, 1, '2015-05-26 22:00:36'),
(5, 2, '2015-05-27 09:09:09'),
(1, 1, '2015-05-27 09:09:15'),
(32, 1, '2015-05-28 09:25:53'),
(38, 1, '2015-05-28 09:26:00'),
(60, 2, '2015-05-28 09:26:13'),
(58, 1, '2015-05-28 09:26:28'),
(5, 1, '2015-05-29 09:15:05'),
(5, 1, '2015-05-29 09:15:09'),
(1, 1, '2015-05-29 09:15:33'),
(38, 1, '2015-05-29 09:15:38'),
(32, 1, '2015-05-29 09:15:51'),
(53, 2, '2015-05-29 09:16:11'),
(58, 1, '2015-05-29 09:16:29'),
(53, 2, '2015-05-30 10:56:13'),
(1, 1, '2015-05-30 10:56:20'),
(38, 1, '2015-05-31 23:14:39'),
(53, 2, '2015-05-31 23:14:50'),
(1, 1, '2015-05-31 23:15:03'),
(53, 2, '2015-06-01 23:15:25'),
(1, 1, '2015-06-01 23:15:29'),
(32, 1, '2015-06-01 23:15:33'),
(38, 1, '2015-06-01 23:15:39'),
(63, 1, '2015-06-02 00:02:27'),
(53, 2, '2015-06-02 08:32:52'),
(53, 2, '2015-06-02 08:32:52'),
(30, 1, '2015-06-02 08:40:47'),
(32, 1, '2015-06-02 08:40:53'),
(38, 1, '2015-06-02 08:40:56'),
(1, 1, '2015-06-02 08:41:01'),
(53, 2, '2015-06-03 08:00:30'),
(32, 1, '2015-06-03 08:00:32'),
(38, 1, '2015-06-03 08:00:35'),
(1, 1, '2015-06-03 08:00:42'),
(39, 1, '2015-06-03 08:00:53'),
(53, 2, '2015-06-04 23:06:18'),
(32, 1, '2015-06-04 23:06:20'),
(38, 1, '2015-06-04 23:06:23'),
(1, 1, '2015-06-04 23:06:25'),
(64, 10, '2015-06-04 23:07:09'),
(53, 2, '2015-06-07 22:23:43'),
(38, 1, '2015-06-07 22:23:47'),
(1, 1, '2015-06-07 22:23:50'),
(32, 1, '2015-06-07 22:23:56'),
(39, 2, '2015-06-07 22:30:34'),
(32, 2, '2015-06-08 21:37:15'),
(1, 1, '2015-06-08 21:37:19'),
(32, 1, '2015-06-08 21:37:23'),
(53, 2, '2015-06-08 21:37:30'),
(30, 1, '2015-06-08 21:37:35'),
(53, 2, '2015-06-10 08:06:42'),
(1, 1, '2015-06-10 08:06:49'),
(38, 1, '2015-06-10 08:06:55'),
(32, 1, '2015-06-10 08:07:05'),
(53, 2, '2015-06-11 08:23:50'),
(1, 1, '2015-06-11 08:23:57'),
(32, 1, '2015-06-11 08:24:04'),
(38, 1, '2015-06-11 08:24:24'),
(53, 2, '2015-06-12 09:07:25'),
(1, 1, '2015-06-12 09:07:28'),
(53, 2, '2015-06-16 08:50:41'),
(32, 1, '2015-06-16 08:50:43'),
(1, 1, '2015-06-16 08:50:46'),
(38, 1, '2015-06-16 08:50:49'),
(39, 1, '2015-06-16 23:04:13'),
(39, 1, '2015-06-16 23:04:52'),
(65, 1, '2015-06-16 23:23:33'),
(38, 1, '2015-06-17 09:18:05'),
(53, 2, '2015-06-17 09:18:09'),
(32, 1, '2015-06-17 09:18:11'),
(1, 1, '2015-06-17 09:18:15'),
(53, 2, '2015-06-18 08:58:25'),
(38, 1, '2015-06-18 08:58:28'),
(32, 1, '2015-06-18 08:58:36'),
(1, 1, '2015-06-18 08:58:43'),
(61, 1, '2015-06-18 12:38:33'),
(30, 1, '2015-06-18 12:39:17'),
(66, 1, '2015-06-19 00:29:03'),
(67, 1, '2015-06-19 00:32:50'),
(68, 1, '2015-06-19 00:35:53'),
(53, 2, '2015-06-19 08:45:08'),
(38, 1, '2015-06-19 08:45:17'),
(32, 1, '2015-06-19 08:45:23'),
(39, 2, '2015-06-19 08:45:41'),
(38, 1, '2015-06-23 08:46:01'),
(53, 2, '2015-06-23 08:46:05'),
(22, 1, '2015-06-23 08:46:12'),
(1, 1, '2015-06-23 08:46:18'),
(69, 2, '2015-06-23 21:24:24'),
(53, 2, '2015-06-24 09:04:48'),
(1, 1, '2015-06-24 09:04:54'),
(38, 1, '2015-06-24 09:05:02'),
(22, 1, '2015-06-24 09:05:11'),
(38, 1, '2015-06-27 15:58:41'),
(53, 2, '2015-06-27 15:58:46'),
(1, 1, '2015-06-27 15:58:50'),
(22, 1, '2015-06-27 15:58:55'),
(39, 1, '2015-06-27 15:59:01'),
(60, 2, '2015-06-28 11:28:08'),
(38, 1, '2015-06-28 11:28:10'),
(22, 1, '2015-06-28 11:28:15'),
(1, 1, '2015-06-28 11:28:19'),
(39, 2, '2015-06-28 14:27:19'),
(24, 1, '2015-06-28 21:27:53'),
(39, 2, '2015-06-30 00:23:35'),
(60, 2, '2015-06-30 09:21:04'),
(22, 1, '2015-06-30 09:21:13'),
(38, 1, '2015-06-30 09:21:20'),
(1, 1, '2015-06-30 09:21:30'),
(59, 2, '2015-07-01 08:38:11'),
(32, 1, '2015-07-01 08:38:15'),
(1, 1, '2015-07-01 08:38:20'),
(38, 1, '2015-07-01 08:38:28'),
(38, 1, '2015-07-03 09:15:35'),
(1, 1, '2015-07-03 09:15:38'),
(32, 1, '2015-07-03 09:15:41'),
(62, 2, '2015-07-03 09:15:53'),
(53, 1, '2015-07-05 21:15:44'),
(1, 1, '2015-07-05 21:15:54'),
(33, 1, '2015-07-05 21:16:43'),
(1, 1, '2015-07-06 07:52:47'),
(32, 1, '2015-07-06 07:53:09'),
(38, 1, '2015-07-06 07:53:12'),
(62, 2, '2015-07-06 07:53:21'),
(39, 1, '2015-07-06 21:13:10'),
(70, 1, '2015-07-06 21:16:15'),
(71, 1, '2015-07-06 21:20:48'),
(62, 2, '2015-07-07 09:00:51'),
(1, 1, '2015-07-07 09:00:55'),
(22, 1, '2015-07-07 09:00:59'),
(38, 1, '2015-07-07 09:01:02'),
(72, 1, '2015-07-07 23:18:27'),
(73, 1, '2015-07-07 23:41:11'),
(39, 1, '2015-07-07 23:41:36'),
(62, 2, '2015-07-08 08:00:01'),
(22, 1, '2015-07-08 08:00:10'),
(38, 1, '2015-07-08 08:00:13'),
(74, 1, '2015-07-08 08:00:59'),
(74, 1, '2015-07-08 20:51:17'),
(75, 2, '2015-07-08 20:59:48'),
(71, 1, '2015-07-08 22:11:06'),
(72, 1, '2015-07-08 22:14:04'),
(39, 1, '2015-07-08 23:14:33'),
(22, 1, '2015-07-09 09:41:35'),
(62, 2, '2015-07-09 09:41:52'),
(38, 1, '2015-07-09 09:42:03'),
(1, 1, '2015-07-09 09:42:13'),
(76, 1, '2015-07-09 15:39:04'),
(77, 1, '2015-07-09 23:49:52'),
(22, 1, '2015-07-10 09:20:05'),
(62, 2, '2015-07-10 09:20:26'),
(38, 1, '2015-07-10 09:20:40'),
(72, 1, '2015-07-10 09:21:12'),
(38, 1, '2015-07-11 12:14:53'),
(22, 1, '2015-07-11 12:15:06'),
(62, 2, '2015-07-11 12:15:27'),
(1, 1, '2015-07-11 12:16:20'),
(78, 1, '2015-07-11 18:29:42'),
(79, 1, '2015-07-12 08:52:11'),
(5, 2, '2015-07-12 08:52:58'),
(22, 1, '2015-07-12 08:53:04'),
(38, 1, '2015-07-12 08:53:10'),
(5, 2, '2015-07-13 08:22:32'),
(79, 1, '2015-07-13 08:22:49'),
(22, 1, '2015-07-13 08:23:01'),
(38, 1, '2015-07-13 08:23:25'),
(80, 1, '2015-07-14 10:02:34'),
(81, 1, '2015-07-14 16:14:42'),
(72, 1, '2015-07-14 21:05:02'),
(53, 2, '2015-07-15 10:48:42'),
(50, 1, '2015-07-15 10:48:58'),
(22, 1, '2015-07-15 10:49:07'),
(38, 1, '2015-07-15 10:49:13'),
(53, 2, '2015-07-16 09:30:50'),
(22, 1, '2015-07-16 09:30:56'),
(38, 1, '2015-07-16 09:30:59'),
(72, 1, '2015-07-16 09:31:05'),
(82, 1, '2015-07-16 09:34:03'),
(53, 2, '2015-07-17 23:21:14'),
(22, 1, '2015-07-17 23:21:22'),
(1, 1, '2015-07-17 23:21:34'),
(38, 1, '2015-07-17 23:21:38'),
(83, 2, '2015-07-17 23:23:04'),
(84, 1, '2015-07-18 01:06:58'),
(60, 2, '2015-07-18 16:21:24'),
(1, 1, '2015-07-18 16:21:34'),
(38, 1, '2015-07-18 16:21:49'),
(32, 1, '2015-07-18 16:21:56'),
(60, 2, '2015-07-20 21:17:54'),
(22, 1, '2015-07-20 21:18:00'),
(38, 1, '2015-07-20 21:18:03'),
(1, 1, '2015-07-20 21:18:18'),
(59, 1, '2015-07-20 21:19:19'),
(24, 2, '2015-07-20 21:19:51'),
(22, 1, '2015-07-21 09:04:01'),
(53, 2, '2015-07-21 09:04:10'),
(38, 1, '2015-07-21 09:04:16'),
(1, 1, '2015-07-21 09:04:21'),
(67, 1, '2015-07-21 21:14:43'),
(69, 1, '2015-07-21 21:18:52'),
(53, 2, '2015-07-22 09:36:03'),
(22, 1, '2015-07-22 09:36:14'),
(38, 1, '2015-07-22 09:36:25'),
(85, 1, '2015-07-22 09:43:51'),
(81, 1, '2015-07-22 16:54:47'),
(60, 2, '2015-07-23 10:08:51'),
(38, 1, '2015-07-23 10:08:57'),
(22, 1, '2015-07-23 10:09:08'),
(1, 1, '2015-07-23 10:09:17'),
(69, 1, '2015-07-23 19:16:20'),
(86, 1, '2015-07-23 19:17:50'),
(72, 1, '2015-07-24 00:52:46'),
(72, 1, '2015-07-24 00:52:46'),
(60, 2, '2015-07-24 07:34:17'),
(30, 1, '2015-07-24 07:34:26'),
(22, 1, '2015-07-24 07:34:30'),
(38, 1, '2015-07-24 07:34:37'),
(87, 1, '2015-07-24 07:36:14'),
(88, 1, '2015-07-24 21:07:15'),
(89, 1, '2015-07-24 22:59:52'),
(60, 2, '2015-07-25 12:55:15'),
(22, 1, '2015-07-25 12:55:20'),
(1, 1, '2015-07-25 12:55:24'),
(38, 1, '2015-07-25 12:55:28'),
(90, 1, '2015-07-27 11:01:08'),
(1, 1, '2015-07-27 11:01:21'),
(91, 1, '2015-07-27 11:02:30'),
(91, 2, '2015-07-27 20:40:55'),
(60, 2, '2015-07-28 09:51:05'),
(38, 1, '2015-07-28 09:51:08'),
(1, 1, '2015-07-28 09:51:11'),
(22, 1, '2015-07-28 09:51:16'),
(60, 2, '2015-07-29 08:59:51'),
(1, 1, '2015-07-29 09:00:04'),
(38, 1, '2015-07-29 09:00:12'),
(22, 1, '2015-07-29 09:00:22'),
(87, 1, '2015-07-29 22:34:05'),
(60, 2, '2015-07-30 08:46:02'),
(22, 1, '2015-07-30 08:46:11'),
(1, 1, '2015-07-30 08:46:17'),
(38, 1, '2015-07-30 08:46:25'),
(70, 1, '2015-07-30 23:59:45'),
(67, 1, '2015-07-31 00:00:01'),
(22, 1, '2015-07-31 08:39:01'),
(60, 2, '2015-07-31 08:39:16'),
(38, 1, '2015-07-31 08:39:32'),
(1, 1, '2015-07-31 08:39:56'),
(92, 1, '2015-07-31 18:07:27'),
(1, 1, '2015-08-01 22:56:28'),
(90, 2, '2015-08-02 23:09:29'),
(91, 1, '2015-08-02 23:10:01'),
(22, 1, '2015-08-03 08:09:28'),
(60, 2, '2015-08-03 08:09:56'),
(1, 1, '2015-08-03 08:10:06'),
(38, 1, '2015-08-03 08:10:14'),
(93, 1, '2015-08-03 16:53:10'),
(93, 1, '2015-08-03 19:33:49'),
(72, 1, '2015-08-03 20:27:51'),
(1, 1, '2015-08-04 07:59:02'),
(60, 2, '2015-08-04 07:59:19'),
(38, 1, '2015-08-04 07:59:39'),
(22, 1, '2015-08-04 07:59:53'),
(90, 1, '2015-08-04 19:26:45'),
(91, 1, '2015-08-04 19:26:56'),
(60, 2, '2015-08-05 11:40:05'),
(22, 1, '2015-08-05 11:40:15'),
(72, 1, '2015-08-05 11:40:27'),
(1, 1, '2015-08-05 19:48:46'),
(94, 3, '2015-08-05 23:13:30'),
(60, 2, '2015-08-06 08:16:42'),
(1, 1, '2015-08-06 08:16:51'),
(38, 1, '2015-08-06 08:17:07'),
(22, 1, '2015-08-06 08:17:14'),
(30, 1, '2015-08-06 09:29:37'),
(95, 1, '2015-08-06 09:30:20'),
(72, 1, '2015-08-06 21:58:38'),
(82, 1, '2015-08-06 22:06:29'),
(96, 1, '2015-08-07 10:04:58'),
(67, 1, '2015-08-07 18:09:08'),
(92, 1, '2015-08-07 18:10:01'),
(1, 1, '2015-08-07 20:27:58'),
(60, 1, '2015-08-08 11:28:23'),
(60, 1, '2015-08-08 11:28:36'),
(87, 1, '2015-08-09 22:04:14'),
(82, 1, '2015-08-09 22:04:25'),
(60, 1, '2015-08-09 23:57:48'),
(97, 1, '2015-08-10 07:51:50'),
(60, 2, '2015-08-10 08:32:34'),
(38, 1, '2015-08-10 08:32:37'),
(1, 1, '2015-08-10 08:32:46'),
(22, 1, '2015-08-10 08:33:24'),
(95, 1, '2015-08-10 08:33:52'),
(93, 1, '2015-08-10 18:22:10'),
(98, 1, '2015-08-10 18:32:48'),
(1, 1, '2015-08-10 22:07:06'),
(99, 1, '2015-08-11 00:19:05'),
(99, 1, '2015-08-11 00:19:46'),
(60, 2, '2015-08-11 07:01:37'),
(38, 1, '2015-08-11 07:01:41'),
(22, 1, '2015-08-11 07:01:46'),
(100, 1, '2015-08-11 19:49:46'),
(60, 2, '2015-08-12 09:25:46'),
(38, 1, '2015-08-12 09:26:07'),
(22, 1, '2015-08-12 09:26:14'),
(72, 1, '2015-08-12 09:26:35'),
(98, 1, '2015-08-12 18:49:41'),
(93, 1, '2015-08-12 18:50:27'),
(1, 1, '2015-08-12 23:06:21'),
(38, 1, '2015-08-13 09:14:00'),
(60, 2, '2015-08-13 09:14:09'),
(22, 1, '2015-08-13 09:14:16'),
(72, 1, '2015-08-13 09:14:23'),
(93, 1, '2015-08-13 18:14:52'),
(101, 1, '2015-08-13 19:06:25'),
(102, 4, '2015-08-14 10:25:21'),
(96, 1, '2015-08-14 10:25:40'),
(93, 1, '2015-08-14 13:54:30'),
(93, 1, '2015-08-14 17:45:03'),
(93, 1, '2015-08-14 18:23:34'),
(1, 1, '2015-08-14 20:46:15'),
(103, 1, '2015-08-15 10:40:39'),
(104, 1, '2015-08-15 17:21:38'),
(60, 2, '2015-08-17 08:34:28'),
(22, 1, '2015-08-17 08:34:34'),
(38, 1, '2015-08-17 08:34:43'),
(1, 1, '2015-08-17 08:34:47');

-- --------------------------------------------------------

--
-- 表的结构 `en_book`
--

CREATE TABLE IF NOT EXISTS `en_book` (
  `id` int(11) NOT NULL AUTO_INCREMENT,
  `name` char(100) NOT NULL,
  `state` enum('N','W','R','C') NOT NULL DEFAULT 'N',
  `category` char(20) DEFAULT NULL,
  `description` mediumtext,
  `imgPath` char(50) DEFAULT NULL,
  PRIMARY KEY (`id`)
) ENGINE=InnoDB  DEFAULT CHARSET=utf8 AUTO_INCREMENT=7 ;

--
-- 转存表中的数据 `en_book`
--

INSERT INTO `en_book` (`id`, `name`, `state`, `category`, `description`, `imgPath`) VALUES
(1, 'NEW CONCEPT ENGLISH 1 (New Edition)', 'R', '特色/品牌英语', '朗文•外研社•新概念英语1:英语初阶(新版)》是该教材首次出版以来第一次推出的新版本。这套经典教材一如既往地向读者提供一个完整的、经过实践检验的英语学习体系，使学生 有可能在英语的四项基本技能——理解、口语、阅读和写作——方面最大限度地发挥自己的潜能。新版本保留了《新概念英语》得以成为世界闻名英语教程的一套基本原则，同时又包含了以下重要特色：专为中国的英语学习人士而改编，根据中国读者的需要增添了词汇表、课文注释、练习讲解和课文的参考译文。剔出了所有过时的内容，其中过时的课文有新课文取代，并配以全新的练习和插图。对原有教学法进行调整，更利于学生加强交际能力。内容更简洁精练，取消过去单独出版的繁琐补充材料，将其精华纳入主要教材。版面加大，方便翻阅；每课书相对独立，以利课堂教学。', 'book1.jpg'),
(2, 'NEW CONCEPT ENGLISH 2 (New Edition)', 'N', '特色/品牌英语', '《朗文•外研社•新概念英语2:实践与进步(新版)》是该教材首次出版以来第一次推出的新版本。这套经典教材一如既往地向读者提供一个完整的、经过实践检验的英语学习体系，使学生 有可能在英语的四项基本技能--理解、口语、阅读和写作--方面最大限度地发挥自己的潜能。 新版本保留了《新概念英语》得以成为世界闻名英语教程的一套基本原则，同时又包含了以下重要特色：专为中国的英语学习人士而改编，根据中国读者的需要增添了词汇表、课文注释、练习讲解和课文的参考译文。剔出了所有过时的内容，其中过时的课文有新课文取代，并配以全新的练习和插图。对原有教学法进行调整，更利于学生加强交际能力。内容更简洁精练，取消过去单独出版的繁琐补充材料，将其精华纳入主要教材。版面加大，方便翻阅；每课书相对独立，以利课堂教学', 'book2.jpg'),
(3, 'NEW CONCEPT ENGLISH 3 (New Edition)', 'N', '特色/品牌英语', '《朗文•外研社•新概念英语3:培养技能(新版)》是该教材首次出版以来第一次推出的新版本。这套经典教材一如既往地向读者提供一个完整的、经过实践检验的英语学习体系，使学生 有可能在英语的四项基本技能--理解、口语、阅读和写作--方面最大限度地发挥自己的潜能。 新版本保留了《新概念英语》得以成为世界闻名英语教程的一套基本原则，同时又包含了以下重要特色：专为中国的英语学习人士而改编，根据中国读者的需要增添了词汇表、课文注释、练习讲解和课文的参考译文。剔出了所有过时的内容，其中过时的课文有新课文取代，并配以全新的练习和插图。对原有教学法进行调整，更利于学生加强交际能力。内容更简洁精练，取消过去单独出版的繁琐补充材料，将其精华纳入主要教材。版面加大，方便翻阅；每课书相对独立，以利课堂教学', 'book3.jpg'),
(4, 'NEW CONCEPT ENGLISH 4 (New Edition)', 'N', '特色/品牌英语', '作为一套世界闻名的英语教程，《新概念英语》以其全新的教学理念，有趣的课文内容和全面的技能训练，深受广大英语学习者的欢迎和喜爱。进入中国以后，《新概念英语》历经了数次重印，而为了最大限度地满足不同层次、不同类型英语学习者的需求，与本教程相配套的系列辅导用书和音像产品也是林林总总，不一而足。', 'book4.jpg'),
(5, '英语初级听力教师用书', 'N', 'Listen To This', '《英语初级听力教师用书》整套教程共分为三册。第一册适合大学一年级学生或英语初学者使用；第二册的对象是大学二年级学生和有中等英语水平的自学者；第三册可供大学三、四年级学生和有较高英语水平的自学者使用。每册均含《学生用书》（Student''s Book）和《教师用书》（Teacher''s Book）,功用不同，相辅相成。《学生用书》以录音材料中的生词表、文化背景注释和配套的练习为主。《教师用书》则包含录音的书面材料、练习答案和相关文化背景知识的补充读物。', 'book5.jpg'),
(6, '英语中级听力教师用书', 'N', 'Listen To This', '整套教程共分为三册。第一册适合大学一年级学生或英语初学者使用；第二册的对象是大学二年级学生和有中等英语水平的自学者；第三册可供大学三、四年级学生和有较高英语水平的自学者使用。每册均含《学生用书》（Student''s Book）和《教师用书》（Teacher''s Book）,功用不同，相辅相成。《学生用书》以录音材料中的生词表、文化背景注释和配套的练习为主。《教师用书》则包含录音的书面材料、练习答案和相关文化背景知识的补充读物。', 'book6.jpg');

-- --------------------------------------------------------

--
-- 表的结构 `en_nce_lesson`
--

CREATE TABLE IF NOT EXISTS `en_nce_lesson` (
  `les_id` int(11) NOT NULL DEFAULT '0',
  `les_num` int(11) NOT NULL,
  `les_name` char(100) NOT NULL,
  `les_unit` char(50) DEFAULT NULL,
  `les_bookid` int(11) NOT NULL
) ENGINE=InnoDB DEFAULT CHARSET=latin1;

--
-- 转存表中的数据 `en_nce_lesson`
--

INSERT INTO `en_nce_lesson` (`les_id`, `les_num`, `les_name`, `les_unit`, `les_bookid`) VALUES
(1, 1, 'A private conversation', '1', 2),
(2, 2, 'Breakfast or lunch?', '1', 2),
(3, 3, 'Please send me a card', '1', 2),
(4, 4, 'An exciting trip', '1', 2),
(5, 5, 'No wrong numbers', '1', 2),
(6, 6, 'Percy Buttons', '1', 2),
(7, 7, 'Too late', '1', 2),
(8, 8, 'The best and the worst', '1', 2),
(9, 9, 'A cold welcome', '1', 2),
(10, 10, 'Not for jazz', '1', 2),
(11, 11, 'One good turn deserves another', '1', 2),
(12, 12, 'Goodbye and good luck', '1', 2),
(13, 13, 'The Greenwood Boys', '1', 2),
(14, 14, 'Do you speak English?', '1', 2),
(15, 15, 'Good news', '1', 2),
(16, 16, 'A polite request', '1', 2),
(17, 17, 'Always young', '1', 2),
(18, 18, 'He often does this!', '1', 2),
(19, 19, 'Sold out', '1', 2),
(20, 20, 'One man in a boat', '1', 2),
(21, 21, 'Mad or', '1', 2),
(22, 22, 'A glass envelope', '1', 2),
(23, 23, 'A new house', '1', 2),
(24, 24, 'If could be worse', '1', 2),
(25, 25, 'Do the English speak English?', '2', 2),
(26, 26, 'The best art critics', '2', 2),
(27, 27, 'A wet night', '2', 2),
(28, 28, 'No parking', '2', 2),
(29, 29, 'Taxi!', '2', 2),
(30, 30, 'Football or polo?', '2', 2),
(31, 31, 'Success story', '2', 2),
(32, 32, 'Shopping made easy', '2', 2),
(33, 33, 'Out of the darkness', '2', 2),
(34, 34, 'Quick work', '2', 2),
(35, 35, 'Stop thief!', '2', 2),
(36, 36, 'Across the Channel', '2', 2),
(37, 37, 'The Olympic Games', '2', 2),
(38, 38, 'Everything except the weather', '2', 2),
(39, 39, 'Am I all right?', '2', 2),
(40, 40, 'Food and talk', '2', 2),
(41, 41, 'Do you call that a hat?', '2', 2),
(42, 42, 'Not very musical', '2', 2),
(43, 43, 'Over the South Pole', '2', 2),
(44, 44, 'Through the forest', '2', 2),
(45, 45, 'A clear conscience', '2', 2),
(46, 46, 'Expensive and uncomfortable', '2', 2),
(47, 47, 'A thirsty ghost', '2', 2),
(48, 48, 'Did you want to tell me something?', '2', 2),
(49, 49, 'The end of a dream', '3', 2),
(50, 50, 'Taken for a ride', '3', 2),
(51, 51, 'Reward for virtue', '3', 2),
(52, 52, 'A pretty carpet', '3', 2),
(53, 53, 'Hot snake', '3', 2),
(54, 54, 'Sticky fingers', '3', 2),
(55, 55, 'Not a gold mine', '3', 2),
(56, 56, 'Faster than sound!', '3', 2),
(57, 57, 'Can I help you, madam?', '3', 2),
(58, 58, 'A blessing in disguise?', '3', 2),
(59, 59, 'In or out?', '3', 2),
(60, 60, 'The future', '3', 2),
(61, 61, 'Trouble with the Hubble', '3', 2),
(62, 62, 'After the fire', '3', 2),
(63, 63, 'She was not amused', '3', 2),
(64, 64, 'The Channel Tunnel', '3', 2),
(65, 65, 'Jumbo versus the police', '3', 2),
(66, 66, 'Sweet as honey!', '3', 2),
(67, 67, 'Volcanoes', '3', 2),
(68, 68, 'Persistent', '3', 2),
(69, 69, 'But not murder!', '3', 2),
(70, 70, 'Red for danger', '3', 2),
(71, 71, 'A famous clock', '3', 2),
(72, 72, 'A car called bluebird', '3', 2),
(73, 73, 'The record-holder', '4', 2),
(74, 74, 'Out of the limelight', '4', 2),
(75, 75, 'SOS', '4', 2),
(76, 76, 'April Fools'' Day', '4', 2),
(77, 77, 'A successful operation', '4', 2),
(78, 78, 'The last one?', '4', 2),
(79, 79, 'By air', '4', 2),
(80, 80, 'The Crystal Palace', '4', 2),
(81, 81, 'Escape', '4', 2),
(82, 82, 'Monster or fish?', '4', 2),
(83, 83, 'After the elections', '4', 2),
(84, 84, 'On strike', '4', 2),
(85, 85, 'Never too old to learn', '4', 2),
(86, 86, 'Out of control', '4', 2),
(87, 87, 'A perfect alibi', '4', 2),
(88, 88, 'Trapped in a mine', '4', 2),
(89, 89, 'A slip of the tongue', '4', 2),
(90, 90, 'What''s for supper?', '4', 2),
(91, 91, 'Three men in a basket', '4', 2),
(92, 92, 'Asking for trouble', '4', 2),
(93, 93, 'A noble gift', '4', 2),
(94, 94, 'Future champions', '4', 2),
(95, 95, 'A fantasy', '4', 2),
(96, 96, 'The dead return', '4', 2);

-- --------------------------------------------------------

--
-- 表的结构 `en_recordTime`
--

CREATE TABLE IF NOT EXISTS `en_recordTime` (
  `book_id` int(11) NOT NULL,
  `les_id` int(11) NOT NULL,
  `datetime` datetime NOT NULL,
  `score` int(11) DEFAULT NULL,
  KEY `les_id` (`les_id`)
) ENGINE=InnoDB DEFAULT CHARSET=latin1;

-- --------------------------------------------------------

--
-- 表的结构 `en_sentence_lesson`
--

CREATE TABLE IF NOT EXISTS `en_sentence_lesson` (
  `les_id` int(11) NOT NULL AUTO_INCREMENT,
  `les_num` int(11) NOT NULL,
  `sentence_us` char(255) NOT NULL,
  `sentence_cn` char(255) CHARACTER SET utf8 NOT NULL,
  `les_unit` char(7) CHARACTER SET utf8 DEFAULT NULL,
  `les_bookid` int(11) NOT NULL,
  PRIMARY KEY (`les_id`)
) ENGINE=InnoDB  DEFAULT CHARSET=latin1 AUTO_INCREMENT=667 ;

--
-- 转存表中的数据 `en_sentence_lesson`
--

INSERT INTO `en_sentence_lesson` (`les_id`, `les_num`, `sentence_us`, `sentence_cn`, `les_unit`, `les_bookid`) VALUES
(1, 1, 'Forgive the mess in here, we had a party last night.\r', '请原谅我们把这里弄乱，昨晚有个派对。', '听力口语关键句', 1),
(2, 2, 'Sounds great, but I`ve got to go over my notes for tomorrow`s midterm.\r', '听上去不错，但我要为明天的期中考试复习笔记。', '听力口语关键句', 1),
(3, 3, 'What time would suit you for the first round talks with John Swith?\r', '你什么时间方便和John Swith做第一轮会谈？', '听力口语关键句', 1),
(4, 4, 'Well, you know my schedule. Other than this Friday, one day is as good as the next.\r', '你知道我的行程。除了周五，其他时间都可以。', '听力口语关键句', 1),
(5, 5, 'I ran into Sally the other day, I could hardly recognize her.\r', '前几天碰到Sally, 我快认不出她来了。', '听力口语关键句', 1),
(6, 6, 'I have been working out the gym since January. I was a little out of shape.\r', '从一月份开始锻炼身体。 之前身材有些胖。', '听力口语关键句', 1),
(7, 7, 'Next time you go camping, take some precautions, say, wearing long sleeves.\r', '你下次野营应采取预防措施，比如说，穿长袖。', '听力口语关键句', 1),
(8, 8, 'I would feel that way too if I were you.\r', '如果换成我，也会有一样的感觉。', '听力口语关键句', 1),
(9, 9, 'So it is impossible for me to make it to the bar at ten.\r', '所以十点到酒吧对我来说是不可能。', '听力口语关键句', 1),
(10, 10, 'Hey, Bob, guess what?\r', '嗨Bob, 你猜怎的。', '听力口语关键句', 1),
(11, 11, 'My biology teacher did not even let me explain why I missed the field trip.\r', '我的生物老师都没给我解释为什么我错过了实地考察旅行(野外郊游)。', '听力口语关键句', 1),
(12, 12, 'Nothing comes to mind right now, but I`d like to go over all the articles of the contract once more before signing it.\r', '我现在什么也想不起来，但我想在签合同前再把所有的条款查看一遍。', '听力口语关键句', 1),
(13, 13, 'I really don`t stand the way David controls the conversation all the time.\r', '我真不能忍受大卫一直掌控着谈话。', '听力口语关键句', 1),
(14, 14, 'Well, I knew she had been absent all week. So I called her this morining to see if she was sick. It turned out that her husband was badly injured in a car accident.\r', '我知道她这一周都没来，所以我今早给她打电话看她是否病了，结果是她丈夫出了严重的车祸。', '听力口语关键句', 1),
(15, 15, 'You are the talk of the town and the pride of our class now.\r', '现在你是城镇谈论的话题，是我们班的骄傲。', '听力口语关键句', 1),
(16, 16, 'If you are referring to my winning the English speech contest, I don`t think it`s such a big deal.\r', '如果你说的是我赢得了英语演讲比赛，我不认为这是件大事。', '听力口语关键句', 1),
(17, 17, 'The chocolate cake looks great, but I have to watch my weight.\r', '巧克力蛋糕看着不错，但我要留意我的体重。', '听力口语关键句', 1),
(18, 18, 'So I have to work very unsocial hours.\r', '所以我就得在非正常工作时间工作。', '听力口语关键句', 1),
(19, 19, 'Oh, yes, that is our busiest time. I get Wednesdays off.\r', '噢，对，这是我们最忙的时候，我周三休息。', '听力口语关键句', 1),
(20, 20, 'But it looks as if children were not better off in 2001 than they were in 2002.\r', '但孩子们看上去好像在2001年过得没2002年富裕。', '听力口语关键句', 1),
(21, 21, 'I have also travelled a bit, you know, off season when everywhere is less crowded and hotels cost less.\r', '你知道，我也会在景点人少和旅馆便宜的淡季去旅游。', '听力口语关键句', 1),
(22, 22, 'Yes, I know, but I have been too busy to phone him.\r', '是的，我知道，但我一直太忙而没时间给他打电话。', '听力口语关键句', 1),
(23, 23, 'Each speech is different, because she tailors her remarks to each audience.\r', '每次演讲都不同，因为她为每个听众调整了她的话语。', '听力口语关键句', 1),
(24, 24, 'They are supposed to be here by now.\r', '他们现在本应该在这儿。', '听力口语关键句', 1),
(25, 25, ' It is a good thing that you called.\r', '你打电话过来真是太好了。', '听力口语关键句', 1),
(26, 26, ' I happen to have an extra copy.\r', '我刚好额外有一份。', '听力口语关键句', 1),
(27, 27, 'Now you have seen this table of figures about the pocket money children in Britain get?\r', '现在你已经看见关于英国的小孩得到的压岁钱的数字表格了吧？', '听力口语关键句', 1),
(28, 28, 'Could you take a picture of me with the lake in the background?\r', '能帮我以湖为背景给我拍张照吗？', '听力口语关键句', 1),
(29, 29, 'My headache is killing me.\r', '我头疼死了。', '听力口语关键句', 1),
(30, 30, 'If only we had gone to the school dining hall.\r', '我们要是到学校食堂就好了。', '听力口语关键句', 1),
(31, 31, 'He probably just got holdup in the traffic.\r', '他可能只是被交通耽搁了。', '听力口语关键句', 1),
(32, 32, 'I wonder if you can drop by tomorrow evening.\r', '我想你明晚顺便过来，怎么样？', '听力口语关键句', 1),
(33, 33, 'There were more than a hundred people at Kate`s birthday party. How come she has got so many friends?\r', 'Kate生日聚会来了一百多人，她怎么会有这么多朋友？', '听力口语关键句', 1),
(34, 34, 'They try to find ways to help solve the problems that contribute to crime in the first place.\r', '他们尽力找出可以帮助首先解决造成犯罪的问题。', '听力口语关键句', 1),
(35, 35, 'I just covered a few chapters which interested me most.\r', '我只是阅读了几章我感兴趣的章节。', '听力口语关键句', 1),
(36, 36, ' I really can not afford any more interruptions right now.\r', '我现在真的承受不了更多的打扰。', '听力口语关键句', 1),
(37, 37, ' Anyhow, let`s calm down and try to figure things out.\r', '总之，让我们冷静下来，尝试解决这些事情。', '听力口语关键句', 1),
(38, 38, 'I don`t care much for dessert.\r', '我不太喜欢甜品。', '听力口语关键句', 1),
(39, 39, 'Can you give me a hand, Mike? Could you give me a ride?\r', '你能帮我一个忙吗，麦克？你能载我一程吗？', '听力口语关键句', 1),
(40, 40, 'Most have worked their way up from sales representatives, and they are very proud of the role that they played in the company`s growth.\r', '许多员工从销售代表职位往上晋升，而且他们都为公司成长中发挥的作用而非常自豪。', '听力口语关键句', 1),
(41, 41, 'I had a hard time getting throught the novel.\r', '通读这本小说对我来说容易。', '听力口语关键句', 1),
(42, 42, 'I am afraid I just ran out of film. The book has been out of print for some time now.\r', '我恐怕已经用完胶卷了. 这本书现在已经绝版一段时间了。', '听力口语关键句', 1),
(43, 43, 'You should talk to her again and see if you can find a way out.\r', '你应该再跟她谈谈，看能否找到解决方法。', '听力口语关键句', 1),
(44, 44, 'I have bought some used furniture at the Sunday market. It was a real bargain.\r', '我在周日集市上买了一些很便宜的二手家具。', '听力口语关键句', 1),
(45, 45, 'If he has ambitious goals and is willing to put in long hours, everyone in his unit will follow his example.\r', '如果他有雄心勃勃的目标，也愿意去投入大量时间，他团队的每个人都会以他为榜样。', '听力口语关键句', 1),
(46, 101, 'Her household bills piled up, along with the dishes and dirty laundry, but it took near-constant complaints from her four daughters before she realized she had a problem.\r', '他有一堆没交的家庭账单，没洗的餐具和脏衣服也堆积如山，然而在她的四个女儿不停地抱怨之后，她才意识到自己的问题。', '攻克阅读关键句', 1),
(47, 102, 'A survey found an overwhelming pessimism about privacy, with 60 percent of respondents saying they feel their privacy is "slipping away and that bothers me".\r', '调查发现，人们对隐私的悲观态度占了上风。60%的被调查者说，他们感到隐私“正逐渐消失，而这令我感到困扰”。', '攻克阅读关键句', 1),
(48, 103, 'Whoever it is, they will see you in a way you never intended to be seen - the 21st century equivalent of being caught naked.\r', '无论是谁，都会以一种你绝对不希望的方式观察你 - 在21世纪这无异于裸体相向。', '攻克阅读关键句', 1),
(49, 104, 'Only an aggressive research and development might find ways of breaking our dependence on fossil fuels or dealing with it.\r', '只有通过积极的研究和开发，才可能找到方法打破现有的对矿物燃料的依赖或解决这一问题。', '攻克阅读关键句', 1),
(50, 105, 'This has also resulted in an increase in the sheer number of advertisements to which audiences are exposed.\r', '这也使得观众能看到的（电视）广告的数量大量增加。', '攻克阅读关键句', 1),
(51, 106, 'All the while, I will be reminding myself that children need room to experiment, grow and find their own voices.\r', '我一直提醒自己，孩子们需要空间去尝试、成长和表达自己的情感。', '攻克阅读关键句', 1),
(52, 107, 'And, while there is evidence that instructors must work harder to run a DL course for a variety of reasons, they won`t be paid any more, and might well be paid less.\r', '而且，虽然有迹象表明，出于各种原因，老师在进行远程授课时必须更努力地工作，但是他们的酬劳不会增加，反而可能会减少。', '攻克阅读关键句', 1),
(53, 108, 'In this age of Internet chat, videogames and reality television, there is no shortage of mindless activities to keep a child occupied.\r', '在这个充斥着网络聊天、电子游戏和真人秀的时代，并不缺乏让小孩子沉迷的玩物。', '攻克阅读关键句', 1),
(54, 109, 'I also know the pressures of trying to live up to the reputation created by previous victories.\r', '我也知道，要维护从前的成功所带来的声望需要承受多么大的压力。', '攻克阅读关键句', 1),
(55, 110, 'Telling myself that I was merely an experienced writer guiding the young writer across the hall, I offered suggestions for the characters, conflicts and endings for her tales.\r', '我告诉自己，这无非是一个有经验的作家在引导一个新作家入门而已，我就她小说中的角色、冲突和结局给她一些建议。', '攻克阅读关键句', 1),
(56, 111, 'The story about a fearful angel starting first grade was quickly "guided" by me into a tale of a little girl with a wild imagination taking her first music lession.\r', '在我的“引导”下，这原本关于胆怯的小天使开始念一年级的故事，很快变成了一个想象力丰富的小女孩第一次上音乐课的故事。', '攻克阅读关键句', 1),
(57, 112, 'Because I know very little about farm animals who use tools and angels who go to first grade, I had to accept the face that I was co-opting my daughter`s experience.\r', '因为我对会使用工具的农场动物或上一年级的小天使知之甚少，所以我不得不承认我借用了女儿的经验。', '攻克阅读关键句', 1),
(58, 113, 'While stepping back was difficult for me, it was centainly a good first step that I will quickly follow with more steps, putting myself far enough away to give her room but close enough to help if asked.\r', '尽管不插手(放手给孩子空间成长)对我来说不容易，但这无疑是成功迈出的第一步，我很快可以学会更多，一方面让我与她保持足够的距离，以给她应有的私人空间，另一方面又可以和她足够亲近，以便能在她需要时施以援手。', '攻克阅读关键句', 1),
(59, 114, 'The more students who enroll in a course but don`t come to the campus, the more the school saves on keeping the lights on in the classrooms, paying doorkeepers and maintaining parking lots.\r', '注册了课程但不来学校上课的学生越多，学校在教室照明、支付门卫费用以及管理停车场等方面的开销就越小。', '攻克阅读关键句', 1),
(60, 115, 'At 19, I began studying astrophysics, it did`t bother me in the least to be the only woman in the classroom.\r', '19岁开始学习天体物理学时，我是班里唯一的女生，但这丝毫没困扰过我。', '攻克阅读关键句', 1),
(61, 116, 'Trying to criticize writing on the fly is possibly the single greatest barrier to writing that most of us encounter.\r', '试图匆忙地修改写作内容可能是我们大多数人在写作时遇到的唯一最大的障碍。', '攻克阅读关键句', 1),
(62, 117, 'Most likely, you will believe that this will take more time than you actually have and you will end up staring blankly at the page as the deadline draws near.\r', '你很可能会意识到，这花费的时间超过了你实际拥有的时间，你最终只能呆呆地盯着稿纸，等着截稿日期日益逼近。', '攻克阅读关键句', 1),
(63, 118, 'There was a time in my life when people asked constantly for stories about what it is like to work in a field dominated by men.\r', '在我的一生中，一度有人不断问起我，在男性占主导的领域里工作室何种状况。', '攻克阅读关键句', 1),
(64, 119, 'What I do find interesting is the origin of the universe, the shape of space-time and the nature of black holes.\r', '我真正感兴趣的是：宇宙的起源、时空的形状以及黑洞的本质。', '攻克阅读关键句', 1),
(65, 120, 'While you need to employ both to get to a finished result, they can not work in parallel no matter how much we might like to think so.\r', '当你需要运用两者以达到某一既定结果的时候，无论我们如何希望它们能并行不悖地工作，它们都无法如我们所愿。', '攻克阅读关键句', 1),
(66, 121, 'It could be that the high-functioning mothers in the study had already had a strong influence on their children`s speech development, Ms Pancsofar said, "or it may be that mothers are contributing in a way we didnot measure in the study".\r', '这项研究中那些高效的妈妈们在孩子语言发展中可能已经产生了很大的影响，潘克索法尔女士说，“也可能是母亲起作用的方式在这次研究中并未测量到”', '攻克阅读关键句', 1),
(67, 122, 'And scores of online discussion boards have popped up on which people discuss negative experiences tied to too much time on Web.\r', '网上突然出现了很多讨论区，专门讨论花太多时间上网的负面体验。', '攻克阅读关键句', 1),
(68, 123, 'Bishop describes the problem as simple a matter of priorities, which can be solved by encouraging people to prioritize other life goals and plans in place of time spent online.\r', '毕晓普把这个问题简单地形容为关于优先事项的问题，而且通过鼓励人们将其他生活目标和计划优先于上网，问题就能得到解决。', '攻克阅读关键句', 1),
(69, 124, 'The new CNS Spectrums study was based on results of a nationwide telephone survey of more than 2500 adults.\r', '《中枢神经系统频谱》上发表的这项新研究以针对全国2500多名成年人进行的一项电话调查结果为依据。', '攻克阅读关键句', 1),
(70, 125, ' About 8% said they used the Internet as a way to escape problems, and almost 14% reported they "found it hard to stay away from the Internet for several days at a time."\r', '大约8%的人表示他们把上网当作逃避问题的方法，将近14%的人在调查中称他们“发现自己很难连续几天不上网“。', '攻克阅读关键句', 1),
(71, 126, '"I was starting to feel like my whole world was falling apart - kind of slipping into the depression", said Carla.\r', '"我感觉好像我的整个世界正在坍塌 - 我似乎正陷入绝望的低谷。"卡拉说道。', '攻克阅读关键句', 1),
(72, 127, '"People do it at the expense of everything that was constant in their lives." Heidrich now visits websites that discuss gaming addiction regularly "to remind myself to keep my love for online games in check".\r', '"人们以牺牲生活中不变的事物（即正常的生活）为代价来做这件事。"海德里希目前会定期访问一些讨论游戏成瘾的网站,"以提醒自己控制对网络游戏的喜爱。"', '攻克阅读关键句', 1),
(73, 128, 'Placed in an insulated case and surrounded by quarter-inch-thick panels of stainless steel, the boxes can withstand massive force and temperature up to 2000 F.\r', '黑匣子被放置在密封的箱子内，并用0.25英寸厚的不锈钢板包着，可以承受巨大的压力及高达华氏2000度的高温。', '攻克阅读关键句', 1),
(74, 129, 'The study`s authors, A of the University of the waterloo and B of the University of New Brunswick, begin by citing older research showing that when people get feedback which they believe is overly positive, but they actually feel worse, not better.\r', '这项研究的研究者包括滑铁卢大学的A以及来自不伦瑞克大学的B，他们在研究报告的开始援引了以前的研究，其结果表明，人们在得到他们认可是过分积极的反馈信息时会感觉更糟，而不是更好。', '攻克阅读关键句', 1),
(75, 130, 'The paper provides support for newer forms of psychotherapy that urge people to accept their negative thoughts and feelings rather than fight them.\r', '该论文为更新的心理治疗方法提供了支持，这种新疗法让人们去接受自己消极的想法和感受，而不是与其抗争。', '攻克阅读关键句', 1),
(76, 131, 'Meditation techniques, in contrast, can teach people to put their shortcomings into a larger, more realistic perspective.\r', '相反，静思疗法能够教人们以更广、更现实的角度来看待自己的缺点。', '攻克阅读关键句', 1),
(77, 132, '''No one can take one-sided action'', says Larid, who is exploring whether to seek an exemption from federal anti-trust laws so member colleges can discuss how they could jointly reduce merit aid.\r', '莱尔德正在研究能否从联邦反垄断法中寻求豁免，以使成员学校可以讨论如何联合起来消减奖学金。"没有学校可以单方面行动。"他表示。', '攻克阅读关键句', 1),
(78, 133, 'This is a merry-go-round that is going very fast, and none of the institutions believe they can sustain the risks of trying to break away by themselves.\r', '这就像是一个转得飞快的旋转木马，没有任何一个学校认为自己可以承担单独行动的风险。', '攻克阅读关键句', 1),
(79, 134, 'A complicating factor is that merit aid has become so popular with middle-income families, who don`t qualify for need-based aid, that many have come to depend on it.\r', '一个复杂的因素是，奖学金已经受到那些不符合助学金条件的中等收入家庭的欢迎，很多人开始依赖奖学金了。', '攻克阅读关键句', 1),
(80, 135, 'On average, fathers spoke less than monthers did, but they did not differ in the length of utterances or proportion of questions asked.\r', '平均来看，父亲说的话比母亲少，但他们的语句长度或提问次数基本差不多。', '攻克阅读关键句', 1),
(81, 136, 'Unlike physical energy, which is finite and diminishes with age, emotional energy is unlimited and has nothing to do with genes or upbringing.\r', '身体能量是有限的，而且会随着年龄的增长而减少，而精神的能量则是无限的，它与基因和成长经历无关。', '攻克阅读关键句', 1),
(82, 137, 'It`s up to you to plug the leak - even though there are always a dozen reasons to stay stuck in your dull routines of life.\r', '是否封住漏洞取决于你 - 即使有一大堆理由让你困在无聊的日常工作中。', '攻克阅读关键句', 1),
(83, 138, 'The first step in solving this meaning shortage is to figure out what you really care about, and then do something about it.\r', '要从这种缺乏意义的生活中解脱，第一版就是，明白你真正关心的是什么，然后朝那个方向努力。', '攻克阅读关键句', 1),
(84, 139, 'A real estate broker I know keeps herself amused on the job by mentally redocorating the houses she shows to client.\r', '我认识这样一个房地产经纪人，她为了让自己心情愉悦，去给客户展示房子的时候，总会在脑子里对房子进行重新装饰。', '攻克阅读关键句', 1),
(85, 140, 'But from an emotional energy point of view, they are dead weights that keep us from moving forward.\r', '但是，从精神能量的角度来看，它们（悔恨）不过是阻碍我们前行的包袱。', '攻克阅读关键句', 1),
(86, 141, 'While they can not merely be willed away, I do recommend you remind yourself that whatever happened is in the past and nothing can change that.\r', '既然他们不可能改变，我强烈建议你提醒自己，无论发生过什么事都已经过去了，而且都已不能改变。', '攻克阅读关键句', 1),
(87, 142, 'Many in-home jobs that used to be done primarily by women, ranging from family shopping to preparing meals to doing voluntary work - still need to be done by someone.\r', '过去，许多家务事主要有女性来做的，这些事从家庭采购到准备饭菜再到一些无偿的劳动不一而足；而现在，这些工作还是需要有人来做的。', '攻克阅读关键句', 1),
(88, 143, 'Perhaps it was an extreme contrast with Japanese society that prompted American firms to pay more attention to women buyers.\r', '可能正是与日本社会的极大反差促使了美国公司更加关注女性消费者。', '攻克阅读关键句', 1),
(89, 144, 'As we have seen, the focus of medical care in our society has been shifting from curing disease to preventing disease - especially in terms of changing our many unhealthy behaviors, such as poor eating habits, smoking and failure to exercise. \r', '正如我们所看到的，社会医疗保健的重点已经从疾病治疗转到了疾病预防 - 尤其是在改变我们很多不健康的习惯方面，比如说：不良的饮食习惯、吸烟以及缺乏锻炼等。', '攻克阅读关键句', 1),
(90, 145, 'Even people who have a physical disease or handicap may be "well", in this new sense, if they make an effort to maintain the best possible health they can in the face of their physical limitations.\r', '在这种新的定义下，只要人们在面对个人身体缺陷之时仍能尽其所能维持健康，就算身患疾病或身有残疾的人也算是身体好的人。', '攻克阅读关键句', 1),
(91, 146, '"Wellness" may perhaps best be viewed not as a state that people can achieve, but as an ideal that people can strive for.\r', '"健康"或许最好不要被视作人们可以达到的境界，而是一种人们为之努力的理想状态。', '攻克阅读关键句', 1),
(92, 147, 'People who are well are likely to be better able to resist disease and to fight disease when it strikes.\r', '当疾病来袭时，身体好的人更能够抵抗疾病，也更有能力与疾病抗争。', '攻克阅读关键句', 1),
(93, 148, 'And by focusing attenion on healthy ways of living, the concept of wellness can have a beneficial impact on the ways in which people face the challenges of daily life.\r', '同时，多关注健康生活之道，健康的理念就会对人们应对日常生活中的挑战大有益处。', '攻克阅读关键句', 1),
(94, 149, 'Nevertheless, soft-drink companies view bottled water as the next battle-ground for market share - this despite the fact that over 25 percent of bottled water comes from tap water ... \r', '然而，软饮料公司将瓶装水视为下一个市场份额的竞争领域 - 尽管实际上25%以上的瓶装水都来自自来水...', '攻克阅读关键句', 1),
(95, 150, 'Regardless of how it is sold, the popularity of bottled water taps into our desire for better health, our wish to appear cultivated and even a longing for lost purity.\r', '且不论销售手段，由于瓶装水利用了我们对于健康的渴望，和让我们看起来有教养的心愿，以及那一份对于久违了的纯净的渴望，因此瓶装水颇受人们欢迎。', '攻克阅读关键句', 1),
(96, 151, 'People who are well are concerned with nutrition and exercise, and they make a point of monitoring their body`s condition.\r', '身体好的人们会关注营养和锻炼，并且特别注意关注自己的身体状况。', '攻克阅读关键句', 1),
(97, 152, 'The best advice is to find out what is appropriate regarding the corporate culture, the country culture and the culture of the people making the hiring decision.\r', '最好的建议就是，找出什么东西符合该企业文化、该国文化以及有招聘决定权的人的文化。', '攻克阅读关键句', 1),
(98, 153, 'A reader who is unfamiliar with these variations may assume that your resume contains errors.\r', '一个不熟悉这些差异（英美英语不同之处）的读者可能会认为你的简历有错误。', '攻克阅读关键句', 1),
(99, 154, 'Women`s education may be unusual territory for economists, but enhancing women`s contribution to development is actually as much an economic as a social issue.\r', '对于经济学家而言，妇女的教育问题可能并不是个熟悉的领域，但实际上，加强妇女对于社会发展的贡献既是经济学问题，也是社会问题。', '攻克阅读关键句', 1),
(100, 155, 'Few will dispute that educating women has great social benefits.\r', '很少有人质疑妇女接受教育具有重大的社会意义。', '攻克阅读关键句', 1),
(101, 156, 'Modern cars are far tougher to steal, as their engine management computer will not allow them to start unless they receive a unique ID code beamed out by the ignition key.\r', '现代的汽车更不容易被窃了，因为控制发动机的电脑只有在收到点火钥匙发送的独特的身份密码后才会启动。', '攻克阅读关键句', 1),
(102, 157, 'Staff at the centre will then contact the owner to confirm that the car really is missing and keep police informed of the vehicle''s movements via the car''s GPS unit.\r', '中心的工作人员会联系车主，确认汽车确实丢失了，然后通过汽车上的全球定位系统使警察掌握汽车的行踪。', '攻克阅读关键句', 1),
(103, 158, 'Dying and leaving young children is probably the older parents'' biggest, and often unspkoen, fear.\r', '年长的父母心中最大且最不愿提及的恐惧，就是他们过世，把年幼的孩子留在世上。', '攻克阅读关键句', 1),
(104, 159, '"My body is aging", says Metcalf. "You can not get away from that."\r', '梅特卡夫说:"我的身体正在老化。你无法摆脱这个事实。"', '攻克阅读关键句', 1),
(105, 160, 'Often, order parents hear the ticking of another kind of biological clock.\r', '年迈的父母经常能够听见另一种生物钟的滴答声。', '攻克阅读关键句', 1),
(106, 161, 'But at the core of those little fears there is often a much bigger one: that they will not be alive long enough to support and protect their child.\r', '但是，在这些微小的恐惧背后是更为巨大的恐惧：他们害怕自己活得不够长，无法抚养和保护自己的孩子。', '攻克阅读关键句', 1),
(107, 162, '"Global" does not mean products that are consciously identified as American, but ones that consumers-especially young people - see as part of a modern, innovative world in which people are linked across cultures by shared beliefs and tastes.\r', '"全球性"并不意味着一定是“美国制造”，而是消费者-尤其是年轻人-心目中那充满现代与创新的世界的一部分。在这个世界中，大家跨越文化，分享着彼此的想法和口味。', '攻克阅读关键句', 1),
(108, 163, 'The logo, along with the company`s long-held marketing image of the ''irresistibility'' of its chips would help facilitate the company`s global expansion.\r', '其商标加上公司长期以来为薯片营造的“无法抗拒”的市场形象，将有助于公司拓展国际市场。', '攻克阅读关键句', 1),
(109, 164, 'At Coffman`s request, the District Attorney has begun investigating the district`s finances.\r', '应科夫曼的请求，地方检察官已经开始调查该区的财务问题。', '攻克阅读关键句', 1),
(110, 165, 'The executives acknowledge that they try to swing national eating habits to a food created by America, but they deny that amounts to economic imperialism.\r', '公司高层承认，他们正努力转变全世界人们的饮食饮食习惯，让全世界的人们接受美国制造的食物，但是他们否认这是经济霸权主义。', '攻克阅读关键句', 1),
(111, 166, 'We are making products in those countries; We are adapting them to the tastes of those countries, building businesses and employing people and changing lives.\r', '我们在那些国家生产食品，改进它们（薯片）的味道以迎合当地人的口味，同时我们还在创造商业机会和就业机会，并改善着他们的生活。', '攻克阅读关键句', 1),
(112, 167, 'Some $36,000 has been raised in donations from Safeway.\r', '从Safeway筹集到的捐款大约为36000美金。', '攻克阅读关键句', 1),
(113, 168, '"Rumors about what`s happening to the district are moving at lighting speed," said a student. "We wanted to know the truth, and spread that around instead".\r', '一位学生说: "关于这一区域所发生之事的留言正飞速传播开来。我们想知道真实情况，并且传播真实情况。"', '攻克阅读关键句', 1),
(114, 169, 'Humans should not try to avoid stress any more than they would shun food, love or exercise.\r', '人们不应该逃避压力，就像不能逃避食物、爱和运动一样。', '攻克阅读关键句', 1),
(115, 170, 'In a 2001 study of 158 nurses, those who faced considerable work demands but coped with the challenge were more likey to say they were in the good health than those who felt they could not get the job done.\r', '在2001年对于158位护士的调查中，与认为自己无法完成工作的人相比，那些工作任务繁重但是成功地应对了挑战的人更倾向于认为自己健康状态良好。', '攻克阅读关键句', 1),
(116, 171, 'Then there is the general, all-covering apology, which avoids the necessity of identifying a specific act that was particularly hurtful or insulting, and which the person who is apologizing should promise never to do again.         \r', '还有一种笼统而全面的道歉方式，他可以避免谈及具体的特别伤人或辱人的言行，而这些言行正是道歉者应该保证不再发生的。', '攻克阅读关键句', 1),
(117, 172, 'If you want to teach your children how to say sorry, you must be good at saying it yourself, especially to your own children.\r', '如果你想教会你的孩子如何向别人说对不起，那么你自己必须会说，尤其是会对你的孩子说。', '攻克阅读关键句', 1),
(118, 173, 'Parents who wish to teach their children to apologize should see it as a sign of strength, and therefore not resort to these pseudo-apologies.\r', '真正希望教会自己的孩子如何道歉的家长们应该把道歉视为一种力量的体现，因此不要用虚假的道歉来搪塞。', '攻克阅读关键句', 1),
(119, 174, 'A three-year-old  might need help in understanding that other children feel pain just as he does, and that hitting a playmate over the head with a heavy toy requires an apology.\r', '一个三岁大的小孩需要在大人的帮助下才能理解别的小孩也会和他一样感到疼痛，进而知道用重玩具打了玩伴的头是必须道歉的。', '攻克阅读关键句', 1),
(120, 175, 'Most people can tolerare these pressures pretty easily, but passengers with heart disease may experience chest pains as a result of the reduced amount of oxygen flowing through their blood.\r', '大多数乘客能够轻松忍受这些压力，但是有心脏病的乘客可能会因为血液里氧气的减少而感到胸口疼痛。', '攻克阅读关键句', 1),
(121, 176, 'But no one knows for sure how much the crude oil lies buried beneath the frozen earth.\r', '但是，没有人确切地知道冰冻的土层之下埋藏了多少原油。', '攻克阅读关键句', 1),
(122, 177, 'And consumers would wait up to a decade to gain any benefits, because drilling could begin only after much bargaining over leases, environmental permits and regulatory review.\r', '消费者想获得任何收益都要等上十年，因为开采之前必须对租约讨价还价、得到环境保护许可证，还得通过管理机构的检查。', '攻克阅读关键句', 1),
(123, 178, 'The player proceeded to rub his gloves across his wet T-shirt and then exclaimed, "are they wet enough now"?\r', '那个运动员继而在他湿透的T恤上用力擦了擦手套，然后高声问道：“现在够湿了吗？”', '攻克阅读关键句', 1),
(124, 179, 'In the heat of battle, players have been observed to throw themselves across the court without considering the consequences that such a move might have on anyone in their way.\r', '在比赛进入白热化时，常发现运动员们在赛场上横冲直撞，完全不考虑撞到挡着他们路的人会有什么样的后果。', '攻克阅读关键句', 1),
(125, 180, 'Many products had specially-designed labels to make them seem environmentally friendly, but in fact many of these symbols mean nothing.\r', '很多产品都有特别设计的标签，让它们看起来是环保的，但实际上，很多这样的标签没有任何意义。', '攻克阅读关键句', 1),
(126, 181, 'The ISO labeling standards ban vague or misleading claims on product packaging, because terms such as "environmentally friendly" or "non-polluting" could not be verified.\r', '国际标准化组织制定的商标标准禁止在商品包装上使用模糊的或误导消费者的声明，因为像“对环境友好”或者“无污染”这样的字眼无法核实。', '攻克阅读关键句', 1),
(127, 182, 'Operating out of a century-old schoolhouse in the village of Long Pond, Pennsylvania, the conservancy`s Bud Cook is working with local person and business leaders to banlance economic growth with environmental protection.\r', '在宾夕法尼亚州的朗庞德村有一所上百年历史的校舍，大自然保护协会的成员巴德库克正在百般努力，试图和当地居民以及商界领袖一起努力平衡经济发展与环境保护之间的关系。', '攻克阅读关键句', 1),
(128, 183, 'They value quiet forests, clear streams and abundant wildlife.\r', '他们珍惜安静的森林、清澈的小溪和丰富多样的野生动物。', '攻克阅读关键句', 1),
(129, 184, 'Not everyone who picks up a fishing rod or goes out with a gun is a sportsman.\r', '不是每个拿着钓鱼竿或枪的人就是运动员。', '攻克阅读关键句', 1),
(130, 185, 'The following are some of the things that those who would qualify for membership in the sportsmanship fraternity will do.\r', '以下是符合体育圈资格的人会做的一些事情。', '攻克阅读关键句', 1),
(131, 186, 'I am usually fairly skeptical about any research that concludes that people are either happier or unhappier or more or less certain of themselves than they were 50 years ago.\r', '通常，我对任何提出“现在的人比50年前的人更幸福或更不幸福、更自信或更不自信”这样结论的研究深表怀疑。', '攻克阅读关键句', 1),
(132, 187, 'The report cites two main causes: increasing physical isolation - brought on by high divorce rates and less involvement in community, among other things - and a growing perception that the world is a more dangerous place.\r', '该报道引用了两个主要原因：由高离婚率和对社区活动参与的减少造成的孤独感，以及越来越多的（孩子们）认为这个世界更加危险。', '攻克阅读关键句', 1),
(133, 188, 'It will help you cope with your own anxieties and provide a good model for your kids.\r', '它有助于你克服焦虑情绪，同时也为你的孩子们树立很好的榜样。', '攻克阅读关键句', 1),
(134, 189, 'It is easier to negotiate initial salary requirement because once you are inside, the organizational constraints influence wage increases.\r', '洽谈起薪的要求相对更容易一些，因为一旦你进入了某一公司，公司的约束就会影响工资的增长。', '攻克阅读关键句', 1),
(135, 190, 'One thing, however, is certain: your chances of getting the raise you feel you deserve are less if you don`t at least ask for it.\r', '然而，有一点可以肯定的：如果你连要求都不提的话，你涨工资的机会就会比你预期的少。', '攻克阅读关键句', 1),
(136, 301, 'Older people must be given more chances to learn if they are to contribute to society rather than be a financial burden, according to a new study on population published recently.\r', '最近发表的一项有关人口的新研究指出，如果想要老年人为社会奉献余热，而不是成为经济负担，就必须给他们提供更多的学习机会。', '听力口语关键句', 1),
(137, 302, 'And there should be more money available to support people in establishing a sense of identity and finding constructive roles for the "third age", the 20 or more years they will spend in healthy retired life.\r', '应该投入更多可利用的钱来帮助人们建立认同感，并帮他们在“第三年龄”，即长达20年或更久的健康的退休生活，找到有建设性的角色。', '听力口语关键句', 1),
(138, 303, 'Amid a secondary school course, a student should be interested enough in a subject to enjoy gaining knowledge for its own sake.\r', '在中学课程当中，学生应该对学科有足够的兴趣，并基于兴趣而享受获得知识本身的过程。', '听力口语关键句', 1),
(139, 304, 'The emphasis given to each of these funtions varies from university to university, according to the views of people in control and according to the resources available.\r', '依照负责人的观点以及现有资源，对这些功能中各个功能的重视程度在不同大学之间各不相同。', '听力口语关键句', 1),
(140, 305, 'Mood may be defined as a temporary and mild positive or negative feeling that is generalized and not tied to any particular circumstance.\r', '情绪可以被定义为一种暂时的、略微积极或消极的情感，这种情感是普遍的，不依赖与任何特殊环境而存在。', '听力口语关键句', 1),
(141, 306, 'Moods should be distinguished from emotions which are usually more intense, related to specific circumstances, and often conscious.\r', '情绪应该与情感区分开来，情感通常会更为强烈，它与具体的环境相关，且常常是自发的。', '听力口语关键句', 1),
(142, 307, 'In addition, advertising can influence the consumers` moods which, in turn, are capable of influencing the consumers` reactions to products.\r', '此外，广告能影响消费者的情绪，而情绪反过来也能影响消费者对产品的反应。', '听力口语关键句', 1),
(143, 308, 'Thus, for example, we should expect to see consumers in a positive mood state evaluate products in more of  a favorable manner than they would when not in such a state.\r', '因此，比如，我们应该看到，消费者处在积极情绪下比处在消极情绪下更能以一种嘉许的态度评价产品。', '听力口语关键句', 1),
(144, 310, 'Almost overnight, scores of tent villages bloomed amid the region, tended by international aid organizations, military installations and aid groups working day and night to shelter survivors before the winter set in.\r', '几乎一夜之间，这一地区涌现出了许多个帐篷村，国际援助机构、军事设施以及救援团队驻扎在这里，夜以继日地工作，以争取在冬天到来之前将幸存者妥善安排。', '听力口语关键句', 1),
(145, 311, 'Einstein also took time off from furiously revising his equations to engage in an awkward fandango with his competitor Hilbert.\r', '在拼命修改方程式之余，爱因斯坦还抽时间与他的竞争对手希尔伯特一起参与跳一种难看的西班牙舞蹈--方丹戈双人舞。', '听力口语关键句', 1),
(146, 312, '"I am curious to know whether you will take kindly to this new solution", Einstein noted with a touch of defensiveness.\r', '"我很想知道，你是否能冷静地面对这一新的解决方案。"爱因斯坦写道，言辞中带着一丝防备。', '听力口语关键句', 1),
(147, 313, 'He is a young, successful executive at an Internet-services company in Tokyo and has plenty of disposable income.\r', '他是东京一家互联网服务公司年轻有为的主管，有着许多可支配的收入。', '听力口语关键句', 1),
(148, 314, 'Half of the employers expressed worries about the employee`s basic literacy and numeracy skills, while the biggest problem is with IT skills where two-thirds reported concerns.\r', '有一半的雇主表示对员工的基本读写和计算能力技能表示担忧，而最大的问题在于有三分之二的企业对员工的IT技能感到担忧。', '听力口语关键句', 1),
(149, 315, 'The challenges include the fact that most people can expect to spend a third of their lives in retirement, that there are now more people over 59 than under 16 and that 11.3 million people are over state pension age.\r', '这些挑战包括一个事实，即大多数人一生中预计有三分之一的时光将在退休状态中度过，目前59岁以上的人比16岁以下的人要多，而超过国家养老金领取年龄的人数有1130万之多。', '听力口语关键句', 1),
(150, 316, '''Our historic concentration of policy attention and resources on young people cannot meet the new needs''. says the report`s author, Professor Stephen McNair.\r', '"以往集中于年轻人的政策关注和资源分配无法满足新的需求。"研究报告的作者史蒂芬。麦克奈尔教授如是说。', '听力口语关键句', 1),
(151, 317, 'Suda reflects a worrisome trend in Japan; the automobile is losing its emotional appeal, particularly among the young, who prefer to spend their money on the latest eletronic devices.\r', 'Suda的情况反映了日本一种令人担忧的趋势；从情感上讲汽车正在失去它的吸引力，特别是对于年轻人来说，他们宁愿把钱花在最新的电子产品上。', '听力口语关键句', 1),
(152, 318, 'It is the species-typical behavior that sets humans completely apart from all other animals.\r', '正是这种典型的物种行为，将人类与其他动物完全区别开来。', '听力口语关键句', 1),
(153, 319, 'The key lies in the fact that the units of meaning, words can be strung together in different ways, according to rules, to communicate different meanings.\r', '关键在于，意群和单词可以根据规则以不同的方式组合在一起，而从表达不同的含义。', '听力口语关键句', 1),
(154, 320, 'Nothing defines humans so much as our ability to communicate abstract thoughts - whether about the universe, the mind, love, dreams or ordering a drink.\r', '我们能够交流抽象的思想，无论是关于宇宙、思维、爱、梦想，还是关于点饮料，我们都能交流，这是定义我们人类的最佳方法。', '听力口语关键句', 1),
(155, 321, 'Indeed, we are not aware of most aspects of our speech and understanding.\r', '事实上，我们在很大程度上并不了解我们的话语和理解力。', '听力口语关键句', 1),
(156, 322, 'Specialists in intercultural studies say that it is not easy to adapt to lives in different cultures.\r', '专家们在跨文化研究中提出，适应不同文化下的生活不是件容易的事。', '听力口语关键句', 1),
(157, 323, 'Since my childhood I have found that nothing is more appealing to me than reading.\r', '从童年开始我就发现，没有什么能像阅读一样吸引着我。', '听力口语关键句', 1),
(158, 324, 'The victim would have had the chance to survive if he had been taken to hospital in time.\r', '受害者如果被及时送往医院的话，本来是有机会活下来的。', '听力口语关键句', 1),
(159, 325, 'The nation`s population continues to rise at the rate of 12 million people per year.\r', '该国的人口继续以每年1200万人的速度增长。', '听力口语关键句', 1),
(160, 326, 'The chairman was blamed for letting his secretary take on too much work last week.\r', '主席因上周让秘书承担了太多的工作而受到责备。', '听力口语关键句', 1),
(161, 327, 'The bank refused to loan him any money, so he had to postpone buying a house.\r', '银行拒绝贷款给他，所以他只好延期买房。', '听力口语关键句', 1),
(162, 328, 'They will take a call from a persistent parent, even if they are loaded with works.\r', '即使（儿女们）工作上忙得不可开交时，他们的父母也会经常打电话来催促。', '听力口语关键句', 1),
(163, 329, 'Being ignorant of the law is not accepted as an excuse for breaking the law.\r', '对法律的无知不能作为违法的借口。', '听力口语关键句', 1),
(164, 330, 'In view of recent developments, we don`t think your scheme is practical.\r', '考虑到最近的发展状况，我们认为你的计划是不现实的。', '听力口语关键句', 1),
(165, 331, 'There is a living room still to be decorated, so that is my next project.\r', '还有卧室尚待装修，这就是我的下一个项目。', '听力口语关键句', 1),
(166, 332, 'John cannot afford to go to university, not to speak of going abroad.\r', '约翰连大学都上不起，更别提出国留学了。', '听力口语关键句', 1),
(167, 333, 'Most laboratory and field studies of human behavior involve taking a situational photograph at a given time and in a given place.\r', '大多数关于人类行为的实验室研究和实地考察都包括在给定的时间和地点随机拍摄照片。', '听力口语关键句', 1),
(168, 334, ' I wondered what I would do if confronted with a real midair medical emergency without access to a hospital staff and the usual emergency equipment.\r', '我想知道，如果真的遇到空中紧急医疗事件，又没有医护人员和常规的急救医疗器械帮助的话，我会做什么。', '听力口语关键句', 1),
(169, 335, 'Thanks to more recent legislation, flights with at least on attendant are starting to install emergency medical kits to treat heart attacks.\r', '幸亏最近颁布了更多的法规：至少有一位服务人员的航班将配备医疗急救设备，以救助心脏病患者。', '听力口语关键句', 1),
(170, 336, 'A word processor is much better than a typewriter in that it enables you to enter and edit your text more easily.\r', '文字处理机比打字机好得多，因为它能让你更容易地打开和编辑文档。', '听力口语关键句', 1),
(171, 337, 'I know you have got a smooth tongue, so don`t talk me into buying it.\r', '我知道你很会说话，所以不要劝我买这个。', '听力口语关键句', 1),
(172, 338, 'Playing organized sports is such a common experience in the United States that many children and teenagers take them for granted.\r', '在美国，参加有组织的体育活动是很平常的，但是很多孩子和青少年都把它当做是理所当然的事情。', '听力口语关键句', 1),
(173, 339, 'Can you give me even the slightest clue as to where her son might be?\r', '她儿子可能在哪里，您能给我哪怕是一点点线索吗？', '听力口语关键句', 1),
(174, 340, 'Norman Davis will be remembered by many with affection not only as a great schloar but also as a most delightful and faithful friend.\r', '诺曼戴维斯将会被很多人记住并喜欢，他不仅是一位伟大的学者，而且是一位非常令人愉快和可靠的朋友。', '听力口语关键句', 1),
(175, 341, 'This is what you should bear in mind: Don`t count on a salary increase before you actually get it.\r', '你需要铭记于心的是:在你真正得到加薪之前，不要指望涨工资。', '听力口语关键句', 1),
(176, 343, 'Wise buying is a positive way in which you can make your money go further.\r', '明智的购物行为是积极的理财方式。', '听力口语关键句', 1),
(177, 344, 'If you keep your home, your car or any valuable possession in excellent condition, you will be saving money in the long run.\r', '如果你好好保养你的房子、汽车和其他值钱的东西，从长远来看，你就是在省钱了。', '听力口语关键句', 1),
(178, 345, 'They believed strongly that democracy depended on responsibility and that a growing capitalist economy depended on the productivity of workers.\r', '他们坚信，民主依赖于责任感，而资本主义经济的发展依赖于工人的生活力。', '听力口语关键句', 1),
(179, 401, 'With the growing popularity of computers in China, the quality of our lives has been considerably changed.\r', '随着电脑在中国日益流行，我们的生活质量已经发生了显著的变化。', '听力口语关键句', 1);
INSERT INTO `en_sentence_lesson` (`les_id`, `les_num`, `sentence_us`, `sentence_cn`, `les_unit`, `les_bookid`) VALUES
(180, 402, 'Currently, there is a widespread concern on/over drug abuse.\r', '目前人们普遍关注吸毒问题。', '听力口语关键句', 1),
(181, 403, 'Nowadays, a heated debate about the widelife extinction is under way in China.\r', '如今，关于野生动物灭绝的争论在中国正在逐步升温。', '听力口语关键句', 1),
(182, 404, 'Although many people believe that computers will take charge of earth one day, but I doubt whether the argument bears much analysis.\r', '尽管很多人认为电脑有一天会控制世界，但我对这一争议是否经得起分析表示怀疑。', '听力口语关键句', 1),
(183, 405, 'Over the past ten years, millions of supermarkets have mushroomed all over China.\r', '在过去十年时间里，数百万的超市在中国如雨后春笋般地出现了。', '听力口语关键句', 1),
(184, 406, 'Different people have different attitudes towards living on campus, some are in favor of sth, while others are against sth.\r', '对于..., 不同的人有不同的态度. 有些人喜欢..., 而有些人则反对...', '听力口语关键句', 1),
(185, 408, 'As the proverb says, is it not delightful to have friends coming from distant quarters?\r', '有句谚语说得好，有朋自远方来，不亦乐乎？', '听力口语关键句', 1),
(186, 409, 'A recent investigation indicates that more students depend on their parents than on themselves.\r', '最近的一项调查表明，依赖家长的学生比自立的学生多。', '听力口语关键句', 1),
(187, 410, 'It reveals the unquestionable fact that working at home is more and more fashionable and practical.\r', '这揭示了一个毋庸置疑的事实，那就是在家工作已经越来越时尚，而且越来越可行了。', '听力口语关键句', 1),
(188, 411, 'According to the statistics provided by the chart, it can be seen that fallout can occur even when the cloud can not be seen.\r', '根据表格提供的数据，我们可以得出这样的结论：甚至在看不见云的情况下，沉降仍然有可能发生。', '听力口语关键句', 1),
(189, 412, ' According to a recent survey, four million people die each year from diseases linked to smoking.\r', '根据最近的一项调查，每年有400万人死于与吸烟有关的疾病。', '听力口语关键句', 1),
(190, 413, 'It is universally acknowledged that China has achived tremendous successes in family planning.\r', '大家都承认，中国实行计划生育取得了巨大成就。', '听力口语关键句', 1),
(191, 414, 'Recently the issue of healthy diet has been brought to public attention.\r', '最近，健康饮食的问题引起了公众的重视。', '听力口语关键句', 1),
(192, 415, 'It is hoped that we should place much emphasis on the using of air conditioners, especially in big cities like Beijing and Shanghai. \r', '我们应该更注重空调的使用问题，尤其在北京和上海这样的大城市更应如此，这是人们所期望的。', '听力口语关键句', 1),
(193, 416, 'Never in Chinese history has the idea been accepted that the human beings could control the nature.\r', '在中国的历史上，这样的观点从未被人们所接受，即认为人类可以控制自然。', '听力口语关键句', 1),
(194, 417, 'These days we are often told that entering WTO brings us many precious chances, but is this really the case?\r', '最近，我们得知加入世界贸易组织给我们带来了很多宝贵的机遇，但是，事实真的是这样吗？', '听力口语关键句', 1),
(195, 418, 'There is a growing concern about the issue that youngsters are hooked on the Internet.\r', '如今人们越来越关注青少年沉迷于网络这个问题。', '听力口语关键句', 1),
(196, 419, 'This article focuses on the topics of quality-oriented education in the TEFL(Teaching English as a Foreign Language).\r', '本文着重讨论了素质教育在英语作为外语的教育中的某些方面。', '听力口语关键句', 1),
(197, 420, 'This article gives an overview of comparison and change in military force worldwide since the 1950s.\r', '本文概述了包括20世纪50年代以来世界各国军事力量的对比和变化在内的重要问题。', '听力口语关键句', 1),
(198, 421, 'This article compares US suburban schools which are usually good and urban schools which are typically bad and summarizes the key findings.\r', '本文比较了美国郊区学校(通常教育质量高)和市内学校(通常教育质量低)，并且总结了主要的发现。', '听力口语关键句', 1),
(199, 422, 'Actually, creating green campus not only contains buliding a beautiful campus environment, but also fostering a strong sense of environmental protection.\r', '确实，创建绿色校园不仅仅要包含打造一个美丽的校园环境，而且还要培养一种强烈的环保意识。', '听力口语关键句', 1),
(200, 423, 'I would like to meet you there and please let me know your dicision.\r', '希望届时能见到您，请告诉我您能否出席。', '听力口语关键句', 1),
(201, 424, 'Thank you for your letter of requesting a reference, the answers to your questions are as follows: ...\r', '感谢你索要资料的来信，您所提问题的答案如下: ...', '听力口语关键句', 1),
(202, 425, 'I am writing to you to recommend an experienced worker for your consideration in your search for a qualified manager.\r', '我写信给您是为了向您推荐一位经验丰富的工人，鉴于您正在寻找一位合格的经理。', '听力口语关键句', 1),
(203, 426, 'I am writing in response to your advertisement in China Daily of June 8.\r', '本信件是对您刊登在6月8日的《中国日报》上的广告所做的答复。', '听力口语关键句', 1),
(204, 427, 'Therefore, as an university student, we should play an active role in the actions aimed at the realization of green homeland.\r', '因此，作为一名大学生，我们应该在旨在实现绿色家园的活动中发挥积极的作用。', '听力口语关键句', 1),
(205, 428, 'I feel that it would be beneficial if you go out and take a walk every day.\r', '我觉得，如果每天出门走走是有利的。', '听力口语关键句', 1),
(206, 429, 'I am writing to extend my sincere gratitude for you recommendations.\r', '谨以此信表达我对您的推荐的真诚感激。', '听力口语关键句', 1),
(207, 430, 'I am writing this letter to express my regret for not being able to keep  our 9`o clock appointment.\r', '谨以此信表达我对于未能赴9点之约的遗憾。', '听力口语关键句', 1),
(208, 431, 'I would like to inquire about some information concerning their works.\r', '我想要咨询一些关于他们的工作情况。', '听力口语关键句', 1),
(209, 432, 'I am writing to you to complain about my dissatisfaction with your service.\r', '我写这封信是为了投诉我对于你们服务的不满。', '听力口语关键句', 1),
(210, 433, 'My experience in the laundry shocked me. I can handly put up with it.\r', '我在洗衣店的经历让我十分震惊，我实在不能容忍。', '听力口语关键句', 1),
(211, 434, 'Thank you for your recent inquiry concerning ACB gifts. To help with your gift purchases, I have enclosed our most recent catalogs illustrating many of our popular items.\r', '感谢您近来对ACB礼品公司产品的咨询。为了帮助您选购礼物，现寄上我们最新的流行产品的清单。', '听力口语关键句', 1),
(212, 435, 'We appreciate your interest in our products and look forward to helping you to purchase our products.\r', '感谢您对我们产品的关注，我们期待能够帮助您购买我们的产品。', '听力口语关键句', 1),
(213, 436, 'I am deeply interested in your graduate school in the Department of applied physics, and plan to apply for admission.\r', '我对于贵校研究生院的应用物理系很感兴趣，想申请入学。', '听力口语关键句', 1),
(214, 437, 'Borrowed from the Foreign Language Department Reference Library three books as follows: ...\r', '从外语系参考资料图书馆借出如下三本书: ... ...', '听力口语关键句', 1),
(215, 438, 'Some individuals hold a firm position that such phenomenon is beneficial to kids.\r', '有些人深信，这类现象对孩子而言是有益的。', '听力口语关键句', 1),
(216, 439, 'Perhaps saving all wild animals is the wrong thing, however, killing all of them might not be any better.\r', '可能保护所有的野生动物不是正确的做法，但是，把他们都杀掉的做法也好不了多少。', '听力口语关键句', 1),
(217, 440, 'Employees should be responsible to the companies they work for, and vice versa indeed.\r', '员工应该对他们所服务的公司负责，反之亦然。', '听力口语关键句', 1),
(218, 441, 'Your prompt and favorable attention to my inquiry would be highly appreciated.\r', '如果您能尽快回复我的咨询，我将万分感激。', '听力口语关键句', 1),
(219, 442, 'Once again, I am sorry for any inconvenience caused.\r', '再次为给您带来的任何不便表示道歉。', '听力口语关键句', 1),
(220, 443, 'The cause of higher prices was an increase in demand.\r', '价格上升的原因在于需求的增加。', '听力口语关键句', 1),
(221, 444, 'Perhaps nothing can rival the pleasure from reading.\r', '可能没有什么可以跟阅读的快乐相媲美。', '听力口语关键句', 1),
(222, 445, 'Citizens have the right to know the truth and supervise the celebrity, thus forming a kind of public opinion.\r', '公民有权知道真相并监督名人，由此形成一种公共观念。', '听力口语关键句', 1),
(451, 176, 'But no one knows for sure how much the crude oil lies buried beneath the frozen earth.\r', '但是，没有人确切地知道冰冻的土层之下埋藏了多少原油。', '听力口语关键句', 1),
(452, 164, 'At Coffman`s request, the District Attorney has begun investigating the district`s finances.\r', '应科夫曼的请求，地方检察官已经开始调查该区的财务问题。', '听力口语关键句', 1),
(453, 177, 'And consumers would wait up to a decade to gain any benefits, because drilling could begin only after much bargaining over leases, environmental permits and regulatory review.\r', '消费者想获得任何收益都要等上十年，因为开采之前必须对租约讨价还价、得到环境保护许可证，还得通过管理机构的检查。', '听力口语关键句', 1),
(454, 165, 'The executives acknowledge that they try to swing national eating habits to a food created by America, but they deny that amounts to economic imperialism.\r', '公司高层承认，他们正努力转变全世界人们的饮食饮食习惯，让全世界的人们接受美国制造的食物，但是他们否认这是经济霸权主义。', '听力口语关键句', 1),
(455, 178, 'The player proceeded to rub his gloves across his wet T-shirt and then exclaimed, "are they wet enough now"?\r', '那个运动员继而在他湿透的T恤上用力擦了擦手套，然后高声问道：“现在够湿了吗？”', '听力口语关键句', 1),
(456, 166, 'We are making products in those countries; We are adapting them to the tastes of those countries, building businesses and employing people and changing lives.\r', '我们在那些国家生产食品，改进它们（薯片）的味道以迎合当地人的口味，同时我们还在创造商业机会和就业机会，并改善着他们的生活。', '听力口语关键句', 1),
(457, 179, 'In the heat of battle, players have been observed to throw themselves across the court without considering the consequences that such a move might have on anyone in their way.\r', '在比赛进入白热化时，常发现运动员们在赛场上横冲直撞，完全不考虑撞到挡着他们路的人会有什么样的后果。', '听力口语关键句', 1),
(458, 167, 'Some $36,000 has been raised in donations from Safeway.\r', '从Safeway筹集到的捐款大约为36000美金。', '听力口语关键句', 1),
(459, 168, '"Rumors about what`s happening to the district are moving at lighting speed," said a student. "We wanted to know the truth, and spread that around instead".\r', '一位学生说: "关于这一区域所发生之事的留言正飞速传播开来。我们想知道真实情况，并且传播真实情况。"', '听力口语关键句', 1),
(460, 180, 'Many products had specially-designed labels to make them seem environmentally friendly, but in fact many of these symbols mean nothing.\r', '很多产品都有特别设计的标签，让它们看起来是环保的，但实际上，很多这样的标签没有任何意义。', '听力口语关键句', 1),
(461, 169, 'Humans should not try to avoid stress any more than they would shun food, love or exercise.\r', '人们不应该逃避压力，就像不能逃避食物、爱和运动一样。', '听力口语关键句', 1),
(462, 170, 'In a 2001 study of 158 nurses, those who faced considerable work demands but coped with the challenge were more likey to say they were in the good health than those who felt they could not get the job done.\r', '在2001年对于158位护士的调查中，与认为自己无法完成工作的人相比，那些工作任务繁重但是成功地应对了挑战的人更倾向于认为自己健康状态良好。', '听力口语关键句', 1),
(463, 181, 'The ISO labeling standards ban vague or misleading claims on product packaging, because terms such as "environmentally friendly" or "non-polluting" could not be verified.\r', '国际标准化组织制定的商标标准禁止在商品包装上使用模糊的或误导消费者的声明，因为像“对环境友好”或者“无污染”这样的字眼无法核实。', '听力口语关键句', 1),
(464, 171, 'Then there is the general, all-covering apology, which avoids the necessity of identifying a specific act that was particularly hurtful or insulting, and which the person who is apologizing should promise never to do again.         \r', '还有一种笼统而全面的道歉方式，他可以避免谈及具体的特别伤人或辱人的言行，而这些言行正是道歉者应该保证不再发生的。', '听力口语关键句', 1),
(465, 172, 'If you want to teach your children how to say sorry, you must be good at saying it yourself, especially to your own children.\r', '如果你想教会你的孩子如何向别人说对不起，那么你自己必须会说，尤其是会对你的孩子说。', '听力口语关键句', 1),
(466, 182, 'Operating out of a century-old schoolhouse in the village of Long Pond, Pennsylvania, the conservancy`s Bud Cook is working with local person and business leaders to banlance economic growth with environmental protection.\r', '在宾夕法尼亚州的朗庞德村有一所上百年历史的校舍，大自然保护协会的成员巴德库克正在百般努力，试图和当地居民以及商界领袖一起努力平衡经济发展与环境保护之间的关系。', '听力口语关键句', 1),
(467, 173, 'Parents who wish to teach their children to apologize should see it as a sign of strength, and therefore not resort to these pseudo-apologies.\r', '真正希望教会自己的孩子如何道歉的家长们应该把道歉视为一种力量的体现，因此不要用虚假的道歉来搪塞。', '听力口语关键句', 1),
(468, 174, 'A three-year-old  might need help in understanding that other children feel pain just as he does, and that hitting a playmate over the head with a heavy toy requires an apology.\r', '一个三岁大的小孩需要在大人的帮助下才能理解别的小孩也会和他一样感到疼痛，进而知道用重玩具打了玩伴的头是必须道歉的。', '听力口语关键句', 1),
(469, 183, 'They value quiet forests, clear streams and abundant wildlife.\r', '他们珍惜安静的森林、清澈的小溪和丰富多样的野生动物。', '听力口语关键句', 1),
(470, 175, 'Most people can tolerare these pressures pretty easily, but passengers with heart disease may experience chest pains as a result of the reduced amount of oxygen flowing through their blood.\r', '大多数乘客能够轻松忍受这些压力，但是有心脏病的乘客可能会因为血液里氧气的减少而感到胸口疼痛。', '听力口语关键句', 1),
(471, 176, 'But no one knows for sure how much the crude oil lies buried beneath the frozen earth.\r', '但是，没有人确切地知道冰冻的土层之下埋藏了多少原油。', '听力口语关键句', 1),
(472, 184, 'Not everyone who picks up a fishing rod or goes out with a gun is a sportsman.\r', '不是每个拿着钓鱼竿或枪的人就是运动员。', '听力口语关键句', 1),
(473, 177, 'And consumers would wait up to a decade to gain any benefits, because drilling could begin only after much bargaining over leases, environmental permits and regulatory review.\r', '消费者想获得任何收益都要等上十年，因为开采之前必须对租约讨价还价、得到环境保护许可证，还得通过管理机构的检查。', '听力口语关键句', 1),
(474, 185, 'The following are some of the things that those who would qualify for membership in the sportsmanship fraternity will do.\r', '以下是符合体育圈资格的人会做的一些事情。', '听力口语关键句', 1),
(475, 178, 'The player proceeded to rub his gloves across his wet T-shirt and then exclaimed, "are they wet enough now"?\r', '那个运动员继而在他湿透的T恤上用力擦了擦手套，然后高声问道：“现在够湿了吗？”', '听力口语关键句', 1),
(476, 186, 'I am usually fairly skeptical about any research that concludes that people are either happier or unhappier or more or less certain of themselves than they were 50 years ago.\r', '通常，我对任何提出“现在的人比50年前的人更幸福或更不幸福、更自信或更不自信”这样结论的研究深表怀疑。', '听力口语关键句', 1),
(477, 187, 'The report cites two main causes: increasing physical isolation - brought on by high divorce rates and less involvement in community, among other things - and a growing perception that the world is a more dangerous place.\r', '该报道引用了两个主要原因：由高离婚率和对社区活动参与的减少造成的孤独感，以及越来越多的（孩子们）认为这个世界更加危险。', '听力口语关键句', 1),
(478, 179, 'In the heat of battle, players have been observed to throw themselves across the court without considering the consequences that such a move might have on anyone in their way.\r', '在比赛进入白热化时，常发现运动员们在赛场上横冲直撞，完全不考虑撞到挡着他们路的人会有什么样的后果。', '听力口语关键句', 1),
(479, 188, 'It will help you cope with your own anxieties and provide a good model for your kids.\r', '它有助于你克服焦虑情绪，同时也为你的孩子们树立很好的榜样。', '听力口语关键句', 1),
(480, 189, 'It is easier to negotiate initial salary requirement because once you are inside, the organizational constraints influence wage increases.\r', '洽谈起薪的要求相对更容易一些，因为一旦你进入了某一公司，公司的约束就会影响工资的增长。', '听力口语关键句', 1),
(481, 180, 'Many products had specially-designed labels to make them seem environmentally friendly, but in fact many of these symbols mean nothing.\r', '很多产品都有特别设计的标签，让它们看起来是环保的，但实际上，很多这样的标签没有任何意义。', '听力口语关键句', 1),
(482, 190, 'One thing, however, is certain: your chances of getting the raise you feel you deserve are less if you don`t at least ask for it.\r', '然而，有一点可以肯定的：如果你连要求都不提的话，你涨工资的机会就会比你预期的少。', '听力口语关键句', 1),
(483, 181, 'The ISO labeling standards ban vague or misleading claims on product packaging, because terms such as "environmentally friendly" or "non-polluting" could not be verified.\r', '国际标准化组织制定的商标标准禁止在商品包装上使用模糊的或误导消费者的声明，因为像“对环境友好”或者“无污染”这样的字眼无法核实。', '听力口语关键句', 1),
(484, 301, 'Older people must be given more chances to learn if they are to contribute to society rather than be a financial burden, according to a new study on population published recently.\r', '最近发表的一项有关人口的新研究指出，如果想要老年人为社会奉献余热，而不是成为经济负担，就必须给他们提供更多的学习机会。', '听力口语关键句', 1),
(485, 302, 'And there should be more money available to support people in establishing a sense of identity and finding constructive roles for the "third age", the 20 or more years they will spend in healthy retired life.\r', '应该投入更多可利用的钱来帮助人们建立认同感，并帮他们在“第三年龄”，即长达20年或更久的健康的退休生活，找到有建设性的角色。', '听力口语关键句', 1),
(486, 182, 'Operating out of a century-old schoolhouse in the village of Long Pond, Pennsylvania, the conservancy`s Bud Cook is working with local person and business leaders to banlance economic growth with environmental protection.\r', '在宾夕法尼亚州的朗庞德村有一所上百年历史的校舍，大自然保护协会的成员巴德库克正在百般努力，试图和当地居民以及商界领袖一起努力平衡经济发展与环境保护之间的关系。', '听力口语关键句', 1),
(487, 303, 'Amid a secondary school course, a student should be interested enough in a subject to enjoy gaining knowledge for its own sake.\r', '在中学课程当中，学生应该对学科有足够的兴趣，并基于兴趣而享受获得知识本身的过程。', '听力口语关键句', 1),
(488, 304, 'The emphasis given to each of these funtions varies from university to university, according to the views of people in control and according to the resources available.\r', '依照负责人的观点以及现有资源，对这些功能中各个功能的重视程度在不同大学之间各不相同。', '听力口语关键句', 1),
(489, 183, 'They value quiet forests, clear streams and abundant wildlife.\r', '他们珍惜安静的森林、清澈的小溪和丰富多样的野生动物。', '听力口语关键句', 1),
(490, 305, 'Mood may be defined as a temporary and mild positive or negative feeling that is generalized and not tied to any particular circumstance.\r', '情绪可以被定义为一种暂时的、略微积极或消极的情感，这种情感是普遍的，不依赖与任何特殊环境而存在。', '听力口语关键句', 1),
(491, 306, 'Moods should be distinguished from emotions which are usually more intense, related to specific circumstances, and often conscious.\r', '情绪应该与情感区分开来，情感通常会更为强烈，它与具体的环境相关，且常常是自发的。', '听力口语关键句', 1),
(492, 184, 'Not everyone who picks up a fishing rod or goes out with a gun is a sportsman.\r', '不是每个拿着钓鱼竿或枪的人就是运动员。', '听力口语关键句', 1),
(493, 307, 'In addition, advertising can influence the consumers` moods which, in turn, are capable of influencing the consumers` reactions to products.\r', '此外，广告能影响消费者的情绪，而情绪反过来也能影响消费者对产品的反应。', '听力口语关键句', 1),
(494, 185, 'The following are some of the things that those who would qualify for membership in the sportsmanship fraternity will do.\r', '以下是符合体育圈资格的人会做的一些事情。', '听力口语关键句', 1),
(495, 186, 'I am usually fairly skeptical about any research that concludes that people are either happier or unhappier or more or less certain of themselves than they were 50 years ago.\r', '通常，我对任何提出“现在的人比50年前的人更幸福或更不幸福、更自信或更不自信”这样结论的研究深表怀疑。', '听力口语关键句', 1),
(496, 308, 'Thus, for example, we should expect to see consumers in a positive mood state evaluate products in more of  a favorable manner than they would when not in such a state.\r', '因此，比如，我们应该看到，消费者处在积极情绪下比处在消极情绪下更能以一种嘉许的态度评价产品。', '听力口语关键句', 1),
(497, 187, 'The report cites two main causes: increasing physical isolation - brought on by high divorce rates and less involvement in community, among other things - and a growing perception that the world is a more dangerous place.\r', '该报道引用了两个主要原因：由高离婚率和对社区活动参与的减少造成的孤独感，以及越来越多的（孩子们）认为这个世界更加危险。', '听力口语关键句', 1),
(498, 188, 'It will help you cope with your own anxieties and provide a good model for your kids.\r', '它有助于你克服焦虑情绪，同时也为你的孩子们树立很好的榜样。', '听力口语关键句', 1),
(499, 310, 'Almost overnight, scores of tent villages bloomed amid the region, tended by international aid organizations, military installations and aid groups working day and night to shelter survivors before the winter set in.\r', '几乎一夜之间，这一地区涌现出了许多个帐篷村，国际援助机构、军事设施以及救援团队驻扎在这里，夜以继日地工作，以争取在冬天到来之前将幸存者妥善安排。', '听力口语关键句', 1),
(500, 189, 'It is easier to negotiate initial salary requirement because once you are inside, the organizational constraints influence wage increases.\r', '洽谈起薪的要求相对更容易一些，因为一旦你进入了某一公司，公司的约束就会影响工资的增长。', '听力口语关键句', 1),
(501, 190, 'One thing, however, is certain: your chances of getting the raise you feel you deserve are less if you don`t at least ask for it.\r', '然而，有一点可以肯定的：如果你连要求都不提的话，你涨工资的机会就会比你预期的少。', '听力口语关键句', 1),
(502, 311, 'Einstein also took time off from furiously revising his equations to engage in an awkward fandango with his competitor Hilbert.\r', '在拼命修改方程式之余，爱因斯坦还抽时间与他的竞争对手希尔伯特一起参与跳一种难看的西班牙舞蹈--方丹戈双人舞。', '听力口语关键句', 1),
(503, 301, 'Older people must be given more chances to learn if they are to contribute to society rather than be a financial burden, according to a new study on population published recently.\r', '最近发表的一项有关人口的新研究指出，如果想要老年人为社会奉献余热，而不是成为经济负担，就必须给他们提供更多的学习机会。', '听力口语关键句', 1),
(504, 302, 'And there should be more money available to support people in establishing a sense of identity and finding constructive roles for the "third age", the 20 or more years they will spend in healthy retired life.\r', '应该投入更多可利用的钱来帮助人们建立认同感，并帮他们在“第三年龄”，即长达20年或更久的健康的退休生活，找到有建设性的角色。', '听力口语关键句', 1),
(505, 312, '"I am curious to know whether you will take kindly to this new solution", Einstein noted with a touch of defensiveness.\r', '"我很想知道，你是否能冷静地面对这一新的解决方案。"爱因斯坦写道，言辞中带着一丝防备。', '听力口语关键句', 1),
(506, 303, 'Amid a secondary school course, a student should be interested enough in a subject to enjoy gaining knowledge for its own sake.\r', '在中学课程当中，学生应该对学科有足够的兴趣，并基于兴趣而享受获得知识本身的过程。', '听力口语关键句', 1),
(507, 304, 'The emphasis given to each of these funtions varies from university to university, according to the views of people in control and according to the resources available.\r', '依照负责人的观点以及现有资源，对这些功能中各个功能的重视程度在不同大学之间各不相同。', '听力口语关键句', 1),
(508, 313, 'He is a young, successful executive at an Internet-services company in Tokyo and has plenty of disposable income.\r', '他是东京一家互联网服务公司年轻有为的主管，有着许多可支配的收入。', '听力口语关键句', 1),
(509, 305, 'Mood may be defined as a temporary and mild positive or negative feeling that is generalized and not tied to any particular circumstance.\r', '情绪可以被定义为一种暂时的、略微积极或消极的情感，这种情感是普遍的，不依赖与任何特殊环境而存在。', '听力口语关键句', 1),
(510, 306, 'Moods should be distinguished from emotions which are usually more intense, related to specific circumstances, and often conscious.\r', '情绪应该与情感区分开来，情感通常会更为强烈，它与具体的环境相关，且常常是自发的。', '听力口语关键句', 1),
(511, 314, 'Half of the employers expressed worries about the employee`s basic literacy and numeracy skills, while the biggest problem is with IT skills where two-thirds reported concerns.\r', '有一半的雇主表示对员工的基本读写和计算能力技能表示担忧，而最大的问题在于有三分之二的企业对员工的IT技能感到担忧。', '听力口语关键句', 1),
(512, 307, 'In addition, advertising can influence the consumers` moods which, in turn, are capable of influencing the consumers` reactions to products.\r', '此外，广告能影响消费者的情绪，而情绪反过来也能影响消费者对产品的反应。', '听力口语关键句', 1),
(513, 315, 'The challenges include the fact that most people can expect to spend a third of their lives in retirement, that there are now more people over 59 than under 16 and that 11.3 million people are over state pension age.\r', '这些挑战包括一个事实，即大多数人一生中预计有三分之一的时光将在退休状态中度过，目前59岁以上的人比16岁以下的人要多，而超过国家养老金领取年龄的人数有1130万之多。', '听力口语关键句', 1),
(514, 308, 'Thus, for example, we should expect to see consumers in a positive mood state evaluate products in more of  a favorable manner than they would when not in such a state.\r', '因此，比如，我们应该看到，消费者处在积极情绪下比处在消极情绪下更能以一种嘉许的态度评价产品。', '听力口语关键句', 1),
(515, 316, '''Our historic concentration of policy attention and resources on young people cannot meet the new needs''. says the report`s author, Professor Stephen McNair.\r', '"以往集中于年轻人的政策关注和资源分配无法满足新的需求。"研究报告的作者史蒂芬。麦克奈尔教授如是说。', '听力口语关键句', 1),
(516, 317, 'Suda reflects a worrisome trend in Japan; the automobile is losing its emotional appeal, particularly among the young, who prefer to spend their money on the latest eletronic devices.\r', 'Suda的情况反映了日本一种令人担忧的趋势；从情感上讲汽车正在失去它的吸引力，特别是对于年轻人来说，他们宁愿把钱花在最新的电子产品上。', '听力口语关键句', 1),
(517, 310, 'Almost overnight, scores of tent villages bloomed amid the region, tended by international aid organizations, military installations and aid groups working day and night to shelter survivors before the winter set in.\r', '几乎一夜之间，这一地区涌现出了许多个帐篷村，国际援助机构、军事设施以及救援团队驻扎在这里，夜以继日地工作，以争取在冬天到来之前将幸存者妥善安排。', '听力口语关键句', 1),
(518, 318, 'It is the species-typical behavior that sets humans completely apart from all other animals.\r', '正是这种典型的物种行为，将人类与其他动物完全区别开来。', '听力口语关键句', 1),
(519, 319, 'The key lies in the fact that the units of meaning, words can be strung together in different ways, according to rules, to communicate different meanings.\r', '关键在于，意群和单词可以根据规则以不同的方式组合在一起，而从表达不同的含义。', '听力口语关键句', 1),
(520, 311, 'Einstein also took time off from furiously revising his equations to engage in an awkward fandango with his competitor Hilbert.\r', '在拼命修改方程式之余，爱因斯坦还抽时间与他的竞争对手希尔伯特一起参与跳一种难看的西班牙舞蹈--方丹戈双人舞。', '听力口语关键句', 1),
(521, 320, 'Nothing defines humans so much as our ability to communicate abstract thoughts - whether about the universe, the mind, love, dreams or ordering a drink.\r', '我们能够交流抽象的思想，无论是关于宇宙、思维、爱、梦想，还是关于点饮料，我们都能交流，这是定义我们人类的最佳方法。', '听力口语关键句', 1),
(522, 321, 'Indeed, we are not aware of most aspects of our speech and understanding.\r', '事实上，我们在很大程度上并不了解我们的话语和理解力。', '听力口语关键句', 1),
(523, 312, '"I am curious to know whether you will take kindly to this new solution", Einstein noted with a touch of defensiveness.\r', '"我很想知道，你是否能冷静地面对这一新的解决方案。"爱因斯坦写道，言辞中带着一丝防备。', '听力口语关键句', 1),
(524, 322, 'Specialists in intercultural studies say that it is not easy to adapt to lives in different cultures.\r', '专家们在跨文化研究中提出，适应不同文化下的生活不是件容易的事。', '听力口语关键句', 1),
(525, 323, 'Since my childhood I have found that nothing is more appealing to me than reading.\r', '从童年开始我就发现，没有什么能像阅读一样吸引着我。', '听力口语关键句', 1),
(526, 313, 'He is a young, successful executive at an Internet-services company in Tokyo and has plenty of disposable income.\r', '他是东京一家互联网服务公司年轻有为的主管，有着许多可支配的收入。', '听力口语关键句', 1),
(527, 324, 'The victim would have had the chance to survive if he had been taken to hospital in time.\r', '受害者如果被及时送往医院的话，本来是有机会活下来的。', '听力口语关键句', 1),
(528, 325, 'The nation`s population continues to rise at the rate of 12 million people per year.\r', '该国的人口继续以每年1200万人的速度增长。', '听力口语关键句', 1),
(529, 314, 'Half of the employers expressed worries about the employee`s basic literacy and numeracy skills, while the biggest problem is with IT skills where two-thirds reported concerns.\r', '有一半的雇主表示对员工的基本读写和计算能力技能表示担忧，而最大的问题在于有三分之二的企业对员工的IT技能感到担忧。', '听力口语关键句', 1),
(530, 326, 'The chairman was blamed for letting his secretary take on too much work last week.\r', '主席因上周让秘书承担了太多的工作而受到责备。', '听力口语关键句', 1),
(531, 315, 'The challenges include the fact that most people can expect to spend a third of their lives in retirement, that there are now more people over 59 than under 16 and that 11.3 million people are over state pension age.\r', '这些挑战包括一个事实，即大多数人一生中预计有三分之一的时光将在退休状态中度过，目前59岁以上的人比16岁以下的人要多，而超过国家养老金领取年龄的人数有1130万之多。', '听力口语关键句', 1),
(532, 327, 'The bank refused to loan him any money, so he had to postpone buying a house.\r', '银行拒绝贷款给他，所以他只好延期买房。', '听力口语关键句', 1),
(533, 316, '''Our historic concentration of policy attention and resources on young people cannot meet the new needs''. says the report`s author, Professor Stephen McNair.\r', '"以往集中于年轻人的政策关注和资源分配无法满足新的需求。"研究报告的作者史蒂芬。麦克奈尔教授如是说。', '听力口语关键句', 1),
(534, 317, 'Suda reflects a worrisome trend in Japan; the automobile is losing its emotional appeal, particularly among the young, who prefer to spend their money on the latest eletronic devices.\r', 'Suda的情况反映了日本一种令人担忧的趋势；从情感上讲汽车正在失去它的吸引力，特别是对于年轻人来说，他们宁愿把钱花在最新的电子产品上。', '听力口语关键句', 1),
(535, 328, 'They will take a call from a persistent parent, even if they are loaded with works.\r', '即使（儿女们）工作上忙得不可开交时，他们的父母也会经常打电话来催促。', '听力口语关键句', 1),
(536, 318, 'It is the species-typical behavior that sets humans completely apart from all other animals.\r', '正是这种典型的物种行为，将人类与其他动物完全区别开来。', '听力口语关键句', 1),
(537, 319, 'The key lies in the fact that the units of meaning, words can be strung together in different ways, according to rules, to communicate different meanings.\r', '关键在于，意群和单词可以根据规则以不同的方式组合在一起，而从表达不同的含义。', '听力口语关键句', 1),
(538, 329, 'Being ignorant of the law is not accepted as an excuse for breaking the law.\r', '对法律的无知不能作为违法的借口。', '听力口语关键句', 1),
(539, 320, 'Nothing defines humans so much as our ability to communicate abstract thoughts - whether about the universe, the mind, love, dreams or ordering a drink.\r', '我们能够交流抽象的思想，无论是关于宇宙、思维、爱、梦想，还是关于点饮料，我们都能交流，这是定义我们人类的最佳方法。', '听力口语关键句', 1),
(540, 321, 'Indeed, we are not aware of most aspects of our speech and understanding.\r', '事实上，我们在很大程度上并不了解我们的话语和理解力。', '听力口语关键句', 1),
(541, 330, 'In view of recent developments, we don`t think your scheme is practical.\r', '考虑到最近的发展状况，我们认为你的计划是不现实的。', '听力口语关键句', 1),
(542, 322, 'Specialists in intercultural studies say that it is not easy to adapt to lives in different cultures.\r', '专家们在跨文化研究中提出，适应不同文化下的生活不是件容易的事。', '听力口语关键句', 1),
(543, 323, 'Since my childhood I have found that nothing is more appealing to me than reading.\r', '从童年开始我就发现，没有什么能像阅读一样吸引着我。', '听力口语关键句', 1),
(544, 331, 'There is a living room still to be decorated, so that is my next project.\r', '还有卧室尚待装修，这就是我的下一个项目。', '听力口语关键句', 1),
(545, 324, 'The victim would have had the chance to survive if he had been taken to hospital in time.\r', '受害者如果被及时送往医院的话，本来是有机会活下来的。', '听力口语关键句', 1),
(546, 332, 'John cannot afford to go to university, not to speak of going abroad.\r', '约翰连大学都上不起，更别提出国留学了。', '听力口语关键句', 1),
(547, 325, 'The nation`s population continues to rise at the rate of 12 million people per year.\r', '该国的人口继续以每年1200万人的速度增长。', '听力口语关键句', 1),
(548, 333, 'Most laboratory and field studies of human behavior involve taking a situational photograph at a given time and in a given place.\r', '大多数关于人类行为的实验室研究和实地考察都包括在给定的时间和地点随机拍摄照片。', '听力口语关键句', 1),
(549, 334, ' I wondered what I would do if confronted with a real midair medical emergency without access to a hospital staff and the usual emergency equipment.\r', '我想知道，如果真的遇到空中紧急医疗事件，又没有医护人员和常规的急救医疗器械帮助的话，我会做什么。', '听力口语关键句', 1),
(550, 326, 'The chairman was blamed for letting his secretary take on too much work last week.\r', '主席因上周让秘书承担了太多的工作而受到责备。', '听力口语关键句', 1),
(551, 335, 'Thanks to more recent legislation, flights with at least on attendant are starting to install emergency medical kits to treat heart attacks.\r', '幸亏最近颁布了更多的法规：至少有一位服务人员的航班将配备医疗急救设备，以救助心脏病患者。', '听力口语关键句', 1),
(552, 336, 'A word processor is much better than a typewriter in that it enables you to enter and edit your text more easily.\r', '文字处理机比打字机好得多，因为它能让你更容易地打开和编辑文档。', '听力口语关键句', 1),
(553, 327, 'The bank refused to loan him any money, so he had to postpone buying a house.\r', '银行拒绝贷款给他，所以他只好延期买房。', '听力口语关键句', 1),
(554, 337, 'I know you have got a smooth tongue, so don`t talk me into buying it.\r', '我知道你很会说话，所以不要劝我买这个。', '听力口语关键句', 1),
(555, 338, 'Playing organized sports is such a common experience in the United States that many children and teenagers take them for granted.\r', '在美国，参加有组织的体育活动是很平常的，但是很多孩子和青少年都把它当做是理所当然的事情。', '听力口语关键句', 1),
(556, 328, 'They will take a call from a persistent parent, even if they are loaded with works.\r', '即使（儿女们）工作上忙得不可开交时，他们的父母也会经常打电话来催促。', '听力口语关键句', 1),
(557, 339, 'Can you give me even the slightest clue as to where her son might be?\r', '她儿子可能在哪里，您能给我哪怕是一点点线索吗？', '听力口语关键句', 1),
(558, 340, 'Norman Davis will be remembered by many with affection not only as a great schloar but also as a most delightful and faithful friend.\r', '诺曼戴维斯将会被很多人记住并喜欢，他不仅是一位伟大的学者，而且是一位非常令人愉快和可靠的朋友。', '听力口语关键句', 1),
(559, 329, 'Being ignorant of the law is not accepted as an excuse for breaking the law.\r', '对法律的无知不能作为违法的借口。', '听力口语关键句', 1),
(560, 341, 'This is what you should bear in mind: Don`t count on a salary increase before you actually get it.\r', '你需要铭记于心的是:在你真正得到加薪之前，不要指望涨工资。', '听力口语关键句', 1),
(561, 330, 'In view of recent developments, we don`t think your scheme is practical.\r', '考虑到最近的发展状况，我们认为你的计划是不现实的。', '听力口语关键句', 1),
(562, 343, 'Wise buying is a positive way in which you can make your money go further.\r', '明智的购物行为是积极的理财方式。', '听力口语关键句', 1),
(563, 331, 'There is a living room still to be decorated, so that is my next project.\r', '还有卧室尚待装修，这就是我的下一个项目。', '听力口语关键句', 1),
(564, 344, 'If you keep your home, your car or any valuable possession in excellent condition, you will be saving money in the long run.\r', '如果你好好保养你的房子、汽车和其他值钱的东西，从长远来看，你就是在省钱了。', '听力口语关键句', 1),
(565, 332, 'John cannot afford to go to university, not to speak of going abroad.\r', '约翰连大学都上不起，更别提出国留学了。', '听力口语关键句', 1),
(566, 333, 'Most laboratory and field studies of human behavior involve taking a situational photograph at a given time and in a given place.\r', '大多数关于人类行为的实验室研究和实地考察都包括在给定的时间和地点随机拍摄照片。', '听力口语关键句', 1),
(567, 345, 'They believed strongly that democracy depended on responsibility and that a growing capitalist economy depended on the productivity of workers.\r', '他们坚信，民主依赖于责任感，而资本主义经济的发展依赖于工人的生活力。', '听力口语关键句', 1),
(568, 334, ' I wondered what I would do if confronted with a real midair medical emergency without access to a hospital staff and the usual emergency equipment.\r', '我想知道，如果真的遇到空中紧急医疗事件，又没有医护人员和常规的急救医疗器械帮助的话，我会做什么。', '听力口语关键句', 1),
(569, 335, 'Thanks to more recent legislation, flights with at least on attendant are starting to install emergency medical kits to treat heart attacks.\r', '幸亏最近颁布了更多的法规：至少有一位服务人员的航班将配备医疗急救设备，以救助心脏病患者。', '听力口语关键句', 1),
(570, 401, 'With the growing popularity of computers in China, the quality of our lives has been considerably changed.\r', '随着电脑在中国日益流行，我们的生活质量已经发生了显著的变化。', '听力口语关键句', 1),
(571, 336, 'A word processor is much better than a typewriter in that it enables you to enter and edit your text more easily.\r', '文字处理机比打字机好得多，因为它能让你更容易地打开和编辑文档。', '听力口语关键句', 1),
(572, 337, 'I know you have got a smooth tongue, so don`t talk me into buying it.\r', '我知道你很会说话，所以不要劝我买这个。', '听力口语关键句', 1),
(573, 402, 'Currently, there is a widespread concern on/over drug abuse.\r', '目前人们普遍关注吸毒问题。', '听力口语关键句', 1),
(574, 338, 'Playing organized sports is such a common experience in the United States that many children and teenagers take them for granted.\r', '在美国，参加有组织的体育活动是很平常的，但是很多孩子和青少年都把它当做是理所当然的事情。', '听力口语关键句', 1),
(575, 339, 'Can you give me even the slightest clue as to where her son might be?\r', '她儿子可能在哪里，您能给我哪怕是一点点线索吗？', '听力口语关键句', 1),
(576, 403, 'Nowadays, a heated debate about the widelife extinction is under way in China.\r', '如今，关于野生动物灭绝的争论在中国正在逐步升温。', '听力口语关键句', 1),
(577, 340, 'Norman Davis will be remembered by many with affection not only as a great schloar but also as a most delightful and faithful friend.\r', '诺曼戴维斯将会被很多人记住并喜欢，他不仅是一位伟大的学者，而且是一位非常令人愉快和可靠的朋友。', '听力口语关键句', 1),
(578, 341, 'This is what you should bear in mind: Don`t count on a salary increase before you actually get it.\r', '你需要铭记于心的是:在你真正得到加薪之前，不要指望涨工资。', '听力口语关键句', 1),
(579, 404, 'Although many people believe that computers will take charge of earth one day, but I doubt whether the argument bears much analysis.\r', '尽管很多人认为电脑有一天会控制世界，但我对这一争议是否经得起分析表示怀疑。', '听力口语关键句', 1),
(580, 343, 'Wise buying is a positive way in which you can make your money go further.\r', '明智的购物行为是积极的理财方式。', '听力口语关键句', 1),
(581, 405, 'Over the past ten years, millions of supermarkets have mushroomed all over China.\r', '在过去十年时间里，数百万的超市在中国如雨后春笋般地出现了。', '听力口语关键句', 1),
(582, 344, 'If you keep your home, your car or any valuable possession in excellent condition, you will be saving money in the long run.\r', '如果你好好保养你的房子、汽车和其他值钱的东西，从长远来看，你就是在省钱了。', '听力口语关键句', 1),
(583, 406, 'Different people have different attitudes towards living on campus, some are in favor of sth, while others are against sth.\r', '对于..., 不同的人有不同的态度. 有些人喜欢..., 而有些人则反对...', '听力口语关键句', 1),
(584, 408, 'As the proverb says, is it not delightful to have friends coming from distant quarters?\r', '有句谚语说得好，有朋自远方来，不亦乐乎？', '听力口语关键句', 1),
(585, 345, 'They believed strongly that democracy depended on responsibility and that a growing capitalist economy depended on the productivity of workers.\r', '他们坚信，民主依赖于责任感，而资本主义经济的发展依赖于工人的生活力。', '听力口语关键句', 1),
(586, 409, 'A recent investigation indicates that more students depend on their parents than on themselves.\r', '最近的一项调查表明，依赖家长的学生比自立的学生多。', '听力口语关键句', 1),
(587, 401, 'With the growing popularity of computers in China, the quality of our lives has been considerably changed.\r', '随着电脑在中国日益流行，我们的生活质量已经发生了显著的变化。', '听力口语关键句', 1);
INSERT INTO `en_sentence_lesson` (`les_id`, `les_num`, `sentence_us`, `sentence_cn`, `les_unit`, `les_bookid`) VALUES
(588, 410, 'It reveals the unquestionable fact that working at home is more and more fashionable and practical.\r', '这揭示了一个毋庸置疑的事实，那就是在家工作已经越来越时尚，而且越来越可行了。', '听力口语关键句', 1),
(589, 411, 'According to the statistics provided by the chart, it can be seen that fallout can occur even when the cloud can not be seen.\r', '根据表格提供的数据，我们可以得出这样的结论：甚至在看不见云的情况下，沉降仍然有可能发生。', '听力口语关键句', 1),
(590, 402, 'Currently, there is a widespread concern on/over drug abuse.\r', '目前人们普遍关注吸毒问题。', '听力口语关键句', 1),
(591, 412, ' According to a recent survey, four million people die each year from diseases linked to smoking.\r', '根据最近的一项调查，每年有400万人死于与吸烟有关的疾病。', '听力口语关键句', 1),
(592, 413, 'It is universally acknowledged that China has achived tremendous successes in family planning.\r', '大家都承认，中国实行计划生育取得了巨大成就。', '听力口语关键句', 1),
(593, 403, 'Nowadays, a heated debate about the widelife extinction is under way in China.\r', '如今，关于野生动物灭绝的争论在中国正在逐步升温。', '听力口语关键句', 1),
(594, 414, 'Recently the issue of healthy diet has been brought to public attention.\r', '最近，健康饮食的问题引起了公众的重视。', '听力口语关键句', 1),
(595, 415, 'It is hoped that we should place much emphasis on the using of air conditioners, especially in big cities like Beijing and Shanghai. \r', '我们应该更注重空调的使用问题，尤其在北京和上海这样的大城市更应如此，这是人们所期望的。', '听力口语关键句', 1),
(596, 404, 'Although many people believe that computers will take charge of earth one day, but I doubt whether the argument bears much analysis.\r', '尽管很多人认为电脑有一天会控制世界，但我对这一争议是否经得起分析表示怀疑。', '听力口语关键句', 1),
(597, 416, 'Never in Chinese history has the idea been accepted that the human beings could control the nature.\r', '在中国的历史上，这样的观点从未被人们所接受，即认为人类可以控制自然。', '听力口语关键句', 1),
(598, 405, 'Over the past ten years, millions of supermarkets have mushroomed all over China.\r', '在过去十年时间里，数百万的超市在中国如雨后春笋般地出现了。', '听力口语关键句', 1),
(599, 417, 'These days we are often told that entering WTO brings us many precious chances, but is this really the case?\r', '最近，我们得知加入世界贸易组织给我们带来了很多宝贵的机遇，但是，事实真的是这样吗？', '听力口语关键句', 1),
(600, 406, 'Different people have different attitudes towards living on campus, some are in favor of sth, while others are against sth.\r', '对于..., 不同的人有不同的态度. 有些人喜欢..., 而有些人则反对...', '听力口语关键句', 1),
(601, 408, 'As the proverb says, is it not delightful to have friends coming from distant quarters?\r', '有句谚语说得好，有朋自远方来，不亦乐乎？', '听力口语关键句', 1),
(602, 418, 'There is a growing concern about the issue that youngsters are hooked on the Internet.\r', '如今人们越来越关注青少年沉迷于网络这个问题。', '听力口语关键句', 1),
(603, 409, 'A recent investigation indicates that more students depend on their parents than on themselves.\r', '最近的一项调查表明，依赖家长的学生比自立的学生多。', '听力口语关键句', 1),
(604, 410, 'It reveals the unquestionable fact that working at home is more and more fashionable and practical.\r', '这揭示了一个毋庸置疑的事实，那就是在家工作已经越来越时尚，而且越来越可行了。', '听力口语关键句', 1),
(605, 419, 'This article focuses on the topics of quality-oriented education in the TEFL(Teaching English as a Foreign Language).\r', '本文着重讨论了素质教育在英语作为外语的教育中的某些方面。', '听力口语关键句', 1),
(606, 411, 'According to the statistics provided by the chart, it can be seen that fallout can occur even when the cloud can not be seen.\r', '根据表格提供的数据，我们可以得出这样的结论：甚至在看不见云的情况下，沉降仍然有可能发生。', '听力口语关键句', 1),
(607, 412, ' According to a recent survey, four million people die each year from diseases linked to smoking.\r', '根据最近的一项调查，每年有400万人死于与吸烟有关的疾病。', '听力口语关键句', 1),
(608, 420, 'This article gives an overview of comparison and change in military force worldwide since the 1950s.\r', '本文概述了包括20世纪50年代以来世界各国军事力量的对比和变化在内的重要问题。', '听力口语关键句', 1),
(609, 413, 'It is universally acknowledged that China has achived tremendous successes in family planning.\r', '大家都承认，中国实行计划生育取得了巨大成就。', '听力口语关键句', 1),
(610, 414, 'Recently the issue of healthy diet has been brought to public attention.\r', '最近，健康饮食的问题引起了公众的重视。', '听力口语关键句', 1),
(611, 421, 'This article compares US suburban schools which are usually good and urban schools which are typically bad and summarizes the key findings.\r', '本文比较了美国郊区学校(通常教育质量高)和市内学校(通常教育质量低)，并且总结了主要的发现。', '听力口语关键句', 1),
(612, 415, 'It is hoped that we should place much emphasis on the using of air conditioners, especially in big cities like Beijing and Shanghai. \r', '我们应该更注重空调的使用问题，尤其在北京和上海这样的大城市更应如此，这是人们所期望的。', '听力口语关键句', 1),
(613, 422, 'Actually, creating green campus not only contains buliding a beautiful campus environment, but also fostering a strong sense of environmental protection.\r', '确实，创建绿色校园不仅仅要包含打造一个美丽的校园环境，而且还要培养一种强烈的环保意识。', '听力口语关键句', 1),
(614, 416, 'Never in Chinese history has the idea been accepted that the human beings could control the nature.\r', '在中国的历史上，这样的观点从未被人们所接受，即认为人类可以控制自然。', '听力口语关键句', 1),
(615, 423, 'I would like to meet you there and please let me know your dicision.\r', '希望届时能见到您，请告诉我您能否出席。', '听力口语关键句', 1),
(616, 417, 'These days we are often told that entering WTO brings us many precious chances, but is this really the case?\r', '最近，我们得知加入世界贸易组织给我们带来了很多宝贵的机遇，但是，事实真的是这样吗？', '听力口语关键句', 1),
(617, 424, 'Thank you for your letter of requesting a reference, the answers to your questions are as follows: ...\r', '感谢你索要资料的来信，您所提问题的答案如下: ...', '听力口语关键句', 1),
(618, 418, 'There is a growing concern about the issue that youngsters are hooked on the Internet.\r', '如今人们越来越关注青少年沉迷于网络这个问题。', '听力口语关键句', 1),
(619, 425, 'I am writing to you to recommend an experienced worker for your consideration in your search for a qualified manager.\r', '我写信给您是为了向您推荐一位经验丰富的工人，鉴于您正在寻找一位合格的经理。', '听力口语关键句', 1),
(620, 426, 'I am writing in response to your advertisement in China Daily of June 8.\r', '本信件是对您刊登在6月8日的《中国日报》上的广告所做的答复。', '听力口语关键句', 1),
(621, 419, 'This article focuses on the topics of quality-oriented education in the TEFL(Teaching English as a Foreign Language).\r', '本文着重讨论了素质教育在英语作为外语的教育中的某些方面。', '听力口语关键句', 1),
(622, 427, 'Therefore, as an university student, we should play an active role in the actions aimed at the realization of green homeland.\r', '因此，作为一名大学生，我们应该在旨在实现绿色家园的活动中发挥积极的作用。', '听力口语关键句', 1),
(623, 428, 'I feel that it would be beneficial if you go out and take a walk every day.\r', '我觉得，如果每天出门走走是有利的。', '听力口语关键句', 1),
(624, 420, 'This article gives an overview of comparison and change in military force worldwide since the 1950s.\r', '本文概述了包括20世纪50年代以来世界各国军事力量的对比和变化在内的重要问题。', '听力口语关键句', 1),
(625, 429, 'I am writing to extend my sincere gratitude for you recommendations.\r', '谨以此信表达我对您的推荐的真诚感激。', '听力口语关键句', 1),
(626, 430, 'I am writing this letter to express my regret for not being able to keep  our 9`o clock appointment.\r', '谨以此信表达我对于未能赴9点之约的遗憾。', '听力口语关键句', 1),
(627, 421, 'This article compares US suburban schools which are usually good and urban schools which are typically bad and summarizes the key findings.\r', '本文比较了美国郊区学校(通常教育质量高)和市内学校(通常教育质量低)，并且总结了主要的发现。', '听力口语关键句', 1),
(628, 431, 'I would like to inquire about some information concerning their works.\r', '我想要咨询一些关于他们的工作情况。', '听力口语关键句', 1),
(629, 432, 'I am writing to you to complain about my dissatisfaction with your service.\r', '我写这封信是为了投诉我对于你们服务的不满。', '听力口语关键句', 1),
(630, 422, 'Actually, creating green campus not only contains buliding a beautiful campus environment, but also fostering a strong sense of environmental protection.\r', '确实，创建绿色校园不仅仅要包含打造一个美丽的校园环境，而且还要培养一种强烈的环保意识。', '听力口语关键句', 1),
(631, 433, 'My experience in the laundry shocked me. I can handly put up with it.\r', '我在洗衣店的经历让我十分震惊，我实在不能容忍。', '听力口语关键句', 1),
(632, 434, 'Thank you for your recent inquiry concerning ACB gifts. To help with your gift purchases, I have enclosed our most recent catalogs illustrating many of our popular items.\r', '感谢您近来对ACB礼品公司产品的咨询。为了帮助您选购礼物，现寄上我们最新的流行产品的清单。', '听力口语关键句', 1),
(633, 423, 'I would like to meet you there and please let me know your dicision.\r', '希望届时能见到您，请告诉我您能否出席。', '听力口语关键句', 1),
(634, 435, 'We appreciate your interest in our products and look forward to helping you to purchase our products.\r', '感谢您对我们产品的关注，我们期待能够帮助您购买我们的产品。', '听力口语关键句', 1),
(635, 424, 'Thank you for your letter of requesting a reference, the answers to your questions are as follows: ...\r', '感谢你索要资料的来信，您所提问题的答案如下: ...', '听力口语关键句', 1),
(636, 436, 'I am deeply interested in your graduate school in the Department of applied physics, and plan to apply for admission.\r', '我对于贵校研究生院的应用物理系很感兴趣，想申请入学。', '听力口语关键句', 1),
(637, 425, 'I am writing to you to recommend an experienced worker for your consideration in your search for a qualified manager.\r', '我写信给您是为了向您推荐一位经验丰富的工人，鉴于您正在寻找一位合格的经理。', '听力口语关键句', 1),
(638, 426, 'I am writing in response to your advertisement in China Daily of June 8.\r', '本信件是对您刊登在6月8日的《中国日报》上的广告所做的答复。', '听力口语关键句', 1),
(639, 437, 'Borrowed from the Foreign Language Department Reference Library three books as follows: ...\r', '从外语系参考资料图书馆借出如下三本书: ... ...', '听力口语关键句', 1),
(640, 427, 'Therefore, as an university student, we should play an active role in the actions aimed at the realization of green homeland.\r', '因此，作为一名大学生，我们应该在旨在实现绿色家园的活动中发挥积极的作用。', '听力口语关键句', 1),
(641, 428, 'I feel that it would be beneficial if you go out and take a walk every day.\r', '我觉得，如果每天出门走走是有利的。', '听力口语关键句', 1),
(642, 438, 'Some individuals hold a firm position that such phenomenon is beneficial to kids.\r', '有些人深信，这类现象对孩子而言是有益的。', '听力口语关键句', 1),
(643, 429, 'I am writing to extend my sincere gratitude for you recommendations.\r', '谨以此信表达我对您的推荐的真诚感激。', '听力口语关键句', 1),
(644, 430, 'I am writing this letter to express my regret for not being able to keep  our 9`o clock appointment.\r', '谨以此信表达我对于未能赴9点之约的遗憾。', '听力口语关键句', 1),
(645, 439, 'Perhaps saving all wild animals is the wrong thing, however, killing all of them might not be any better.\r', '可能保护所有的野生动物不是正确的做法，但是，把他们都杀掉的做法也好不了多少。', '听力口语关键句', 1),
(646, 431, 'I would like to inquire about some information concerning their works.\r', '我想要咨询一些关于他们的工作情况。', '听力口语关键句', 1),
(647, 432, 'I am writing to you to complain about my dissatisfaction with your service.\r', '我写这封信是为了投诉我对于你们服务的不满。', '听力口语关键句', 1),
(648, 440, 'Employees should be responsible to the companies they work for, and vice versa indeed.\r', '员工应该对他们所服务的公司负责，反之亦然。', '听力口语关键句', 1),
(649, 433, 'My experience in the laundry shocked me. I can handly put up with it.\r', '我在洗衣店的经历让我十分震惊，我实在不能容忍。', '听力口语关键句', 1),
(650, 434, 'Thank you for your recent inquiry concerning ACB gifts. To help with your gift purchases, I have enclosed our most recent catalogs illustrating many of our popular items.\r', '感谢您近来对ACB礼品公司产品的咨询。为了帮助您选购礼物，现寄上我们最新的流行产品的清单。', '听力口语关键句', 1),
(651, 441, 'Your prompt and favorable attention to my inquiry would be highly appreciated.\r', '如果您能尽快回复我的咨询，我将万分感激。', '听力口语关键句', 1),
(652, 435, 'We appreciate your interest in our products and look forward to helping you to purchase our products.\r', '感谢您对我们产品的关注，我们期待能够帮助您购买我们的产品。', '听力口语关键句', 1),
(653, 442, 'Once again, I am sorry for any inconvenience caused.\r', '再次为给您带来的任何不便表示道歉。', '听力口语关键句', 1),
(654, 443, 'The cause of higher prices was an increase in demand.\r', '价格上升的原因在于需求的增加。', '听力口语关键句', 1),
(655, 436, 'I am deeply interested in your graduate school in the Department of applied physics, and plan to apply for admission.\r', '我对于贵校研究生院的应用物理系很感兴趣，想申请入学。', '听力口语关键句', 1),
(656, 444, 'Perhaps nothing can rival the pleasure from reading.\r', '可能没有什么可以跟阅读的快乐相媲美。', '听力口语关键句', 1),
(657, 445, 'Citizens have the right to know the truth and supervise the celebrity, thus forming a kind of public opinion.\r', '公民有权知道真相并监督名人，由此形成一种公共观念。', '听力口语关键句', 1),
(658, 437, 'Borrowed from the Foreign Language Department Reference Library three books as follows: ...\r', '从外语系参考资料图书馆借出如下三本书: ... ...', '听力口语关键句', 1),
(659, 438, 'Some individuals hold a firm position that such phenomenon is beneficial to kids.\r', '有些人深信，这类现象对孩子而言是有益的。', '听力口语关键句', 1),
(660, 439, 'Perhaps saving all wild animals is the wrong thing, however, killing all of them might not be any better.\r', '可能保护所有的野生动物不是正确的做法，但是，把他们都杀掉的做法也好不了多少。', '听力口语关键句', 1),
(661, 440, 'Employees should be responsible to the companies they work for, and vice versa indeed.\r', '员工应该对他们所服务的公司负责，反之亦然。', '听力口语关键句', 1),
(662, 441, 'Your prompt and favorable attention to my inquiry would be highly appreciated.\r', '如果您能尽快回复我的咨询，我将万分感激。', '听力口语关键句', 1),
(663, 442, 'Once again, I am sorry for any inconvenience caused.\r', '再次为给您带来的任何不便表示道歉。', '听力口语关键句', 1),
(664, 443, 'The cause of higher prices was an increase in demand.\r', '价格上升的原因在于需求的增加。', '听力口语关键句', 1),
(665, 444, 'Perhaps nothing can rival the pleasure from reading.\r', '可能没有什么可以跟阅读的快乐相媲美。', '听力口语关键句', 1),
(666, 445, 'Citizens have the right to know the truth and supervise the celebrity, thus forming a kind of public opinion.\r', '公民有权知道真相并监督名人，由此形成一种公共观念。', '听力口语关键句', 1);

-- --------------------------------------------------------

--
-- 表的结构 `food`
--

CREATE TABLE IF NOT EXISTS `food` (
  `id` int(11) NOT NULL AUTO_INCREMENT,
  `name` varchar(15) DEFAULT NULL,
  `calorie` int(10) DEFAULT NULL,
  `price` float(10,2) DEFAULT NULL,
  PRIMARY KEY (`id`)
) ENGINE=InnoDB  DEFAULT CHARSET=utf8 AUTO_INCREMENT=105 ;

--
-- 转存表中的数据 `food`
--

INSERT INTO `food` (`id`, `name`, `calorie`, `price`) VALUES
(1, '软袋装三元特品鲜牛奶', 158, 2.20),
(2, '软袋装光明特品鲜牛奶', 150, 2.00),
(3, '杯装蒙牛风味酸牛奶原味', 76, NULL),
(4, '100克加州原野精选腰果', 491, 8.00),
(5, '切片系列曼可顿高纤维全麦面包', 90, 6.90),
(21, '杯装三元成长优酪乳', 86, 3.80),
(22, '百吉福减脂芝士片', 38, 20.00),
(23, '养乐多', 69, 2.20),
(24, '14克德芙黑巧克力', 76, 2.00),
(26, '一勺雄鸡标葵花油浸金枪鱼块', 97, 17.40),
(27, '一勺雄鸡标番茄汁焗豆', 36, 9.90),
(28, '切片义利全麦吐司面包', 92, 7.90),
(29, '一勺小胖子特级初榨橄榄油金枪鱼', 88, 15.00),
(30, '德青源安心生态鲜鸡蛋', 79, 1.30),
(31, '150克三元茯苓酸奶', 140, 2.50),
(32, '百吉福全脂芝士片', 46, 1.80),
(33, '450克伊利无蔗糖风味发酵乳', 234, 10.00),
(36, '200ml羊奶', 116, 4.00),
(37, '小胖子矿泉水浸金枪鱼罐头', 31, 20.00),
(38, '23克舒华特蓝莓果酱', 53, 29.60),
(39, '100克三元脱脂风味酸牛奶', 58, 3.00),
(40, '湾仔码头虾仁三鲜手工水饺', 42, 36.00),
(41, '200ml三元高钙奶', 62, 2.50),
(42, '一勺鹰嘴豆', 33, 1.00),
(43, '200ml蒙牛纯牛奶', 129, 1.50),
(44, '三元纸屋风味酸乳', 417, 5.50),
(45, '雀巢咖啡丝滑拿铁', 160, 5.50),
(46, '60克桃李黄金起酥面包', 214, 4.60),
(47, '100克台湾特色香肠', 280, 15.00),
(48, '190ml蒙牛儿童成长牛奶', 150, 3.50),
(49, '三元减脂芝士片', 46, 2.00),
(50, '200ml三元纯牛奶', 125, 1.50),
(51, '32克(一根)鸡泥肠', 48, 15.00),
(52, '总统牌汉堡专用奶酪片', 48, 2.90),
(53, '曼可顿超醇全麦', 125, 7.80),
(54, '三元芝士片（培根）', 54, 12.00),
(55, '光明风味发酵乳490克', 412, 6.00),
(56, '中等大小香蕉一只', 81, 2.00),
(57, '三元芝士片(低脂）', 46, 2.50),
(58, '450克伊利风味发酵乳', 368, 4.50),
(59, '桃李全麦', 114, 1.00),
(60, '桃李全麦面包一片', 114, 1.50),
(61, '五谷道场番茄牛腩方便面', 422, 3.00),
(62, '宾堡本色全麦切片面包', 128, 1.00),
(63, '200ml欧德堡纯牛奶', 129, 1.00),
(64, '100ml汇源橙汁', 43, 1.00),
(65, '麦当劳巨无霸', 549, 17.00),
(66, '600ml水动力', 110, 4.00),
(67, '6寸金枪鱼双份肉无奶酪', 730, 25.00),
(68, '6寸香烤鸡排双份肉无奶酪', 410, 25.00),
(69, '6寸新鲜蔬菜无奶酪黄芥末', 235, 12.00),
(70, '6寸俱乐部双份肉无奶酪', 400, 25.00),
(71, '250克苹果', 93, 5.00),
(72, '180毫升三元无蔗糖酸牛奶', 97, 3.00),
(73, '兵工厂山楂爽冰棍', 80, 2.00),
(74, '250毫升三元脱脂牛奶', 78, 4.00),
(75, '6寸Subway新鲜蔬菜无奶酪', 230, 14.00),
(76, '桃李醇熟切片面包', 131, 1.00),
(77, '400ml九龙斋', 171, 5.00),
(78, '550毫升尖叫运动饮料', 145, 4.70),
(79, '243毫升三元鲜牛奶', 148, 2.20),
(80, '450克伊利红枣风味酸乳', 390, 7.50),
(81, '50克捷森葡萄干果仁麦片', 175, 2.20),
(82, '400毫升华旗无蔗糖山楂果茶', 21, 4.00),
(83, '30克德青源卤蛋', 61, 1.00),
(84, '100克太阳锅巴', 665, 5.00),
(85, '243毫升加钙牛奶', 146, 2.50),
(86, '100毫升蒙牛低脂高钙奶', 43, 1.00),
(87, 'High5高电解质泡腾片', 2, 3.00),
(88, '330毫升可口可乐', 142, 5.00),
(89, '500毫升碱法苏打水', 93, 3.00),
(90, '稻香村抹茶酥', 255, 2.00),
(91, '豆沙酥', 260, 1.62),
(92, '6寸香烤牛肉双份肉无奶酪', 410, 25.00),
(93, '6寸火鸡胸双份肉无奶酪', 320, 22.00),
(94, '100克白玉鸡蛋面', 272, 2.00),
(95, '北京油鸡鸡蛋', 70, 2.00),
(96, '500毫升豆豆微甜厨黑豆浆', 276, 6.50),
(97, '330毫升白玉无糖黄豆浆', 92, 2.00),
(98, 'Subway葡萄干燕麦曲奇', 200, 4.00),
(99, '500毫升宝矿力水特', 131, 4.00),
(100, '310毫升王老吉', 110, 3.00),
(101, 'SUBWAY巧克力曲奇', 200, 4.00),
(102, '500毫升豆豆厨原味黑豆浆', 232, 6.70),
(103, '450克冠益乳椰果', 421, 16.00),
(104, '330毫升雪碧', 151, 3.00);

-- --------------------------------------------------------

--
-- 表的结构 `navigation`
--

CREATE TABLE IF NOT EXISTS `navigation` (
  `id` int(11) NOT NULL AUTO_INCREMENT,
  `link` char(20) NOT NULL,
  `name` char(10) NOT NULL,
  `privilege` char(1) DEFAULT NULL,
  `pid` int(11) NOT NULL DEFAULT '-1',
  PRIMARY KEY (`id`)
) ENGINE=MyISAM  DEFAULT CHARSET=utf8 AUTO_INCREMENT=10 ;

--
-- 转存表中的数据 `navigation`
--

INSERT INTO `navigation` (`id`, `link`, `name`, `privilege`, `pid`) VALUES
(1, 'resume', 'About Me', 'A', -1),
(2, 'healthy', 'Health', 'R', -1),
(3, 'notes', 'Note', 'A', -1),
(4, 'login', 'Sign In', 'R', -1),
(5, 'sentence', '五百句', 'R', 9),
(6, 'journey', 'Journey', 'A', -1),
(7, 'hokkaido', '北海道', 'A', 6),
(8, 'taipei', '台北', 'A', 6),
(9, 'english', 'English', 'R', -1);

-- --------------------------------------------------------

--
-- 表的结构 `notes`
--

CREATE TABLE IF NOT EXISTS `notes` (
  `t` datetime NOT NULL,
  `content` varchar(255) DEFAULT NULL,
  `userId` int(11) DEFAULT NULL,
  PRIMARY KEY (`t`)
) ENGINE=InnoDB DEFAULT CHARSET=utf8;

--
-- 转存表中的数据 `notes`
--

INSERT INTO `notes` (`t`, `content`, `userId`) VALUES
('2014-12-14 00:36:57', '[TODO] [JavaScript] tool, for example validation', 7),
('2014-12-27 08:57:13', '加入BMI数值', NULL),
('2014-12-28 20:12:43', '[TODO][healthy] 饮食热量记录功能合并“类型”选项.', 7),
('2014-12-28 20:13:05', '[TODO] 英语/复习五百句，只显示中/英文，或乱序显示.', 7),
('2014-12-28 20:18:07', '[TODO][healthy] 把当天吃了的食物列表换成table样式.', 7),
('2014-12-31 22:25:36', '注册/登录功能。', 7),
('2015-01-06 22:32:17', '[TODO] 单元测试', 7),
('2015-01-11 23:13:14', '[TODO] 目录信息存入数据库.', 7),
('2015-02-03 01:15:13', '[TODO] 将en_lesson中的score列移入en_recordTime表。', 7),
('2015-07-10 21:05:07', '[TODO] 界面切换和表单提交时加LOADING效果！', 7),
('2015-07-14 10:04:23', '[BUG] scrollbar disabled state.', 7),
('2015-07-15 10:50:16', '[TODO] NOTE SUPPORT content type option(todo, changelog, bug and so on).', 7),
('2015-08-01 23:52:05', 'weight value support decimal. eg: 1.2kg  2.5kg', 7),
('2015-08-08 02:21:46', '[ERROR]spidertianye.com/typo', 7),
('2015-08-11 00:22:52', '[TODO]food had been ate can be edited.', 7),
('2015-08-11 00:29:32', '[TODO]highchart for losing weight daily.', 7);

-- --------------------------------------------------------

--
-- 表的结构 `users`
--

CREATE TABLE IF NOT EXISTS `users` (
  `id` int(11) NOT NULL AUTO_INCREMENT,
  `name` varchar(50) DEFAULT NULL,
  `pwd` varchar(50) DEFAULT NULL,
  `createdTime` datetime DEFAULT NULL,
  `nickname` varchar(30) CHARACTER SET utf8 DEFAULT NULL,
  `height` int(3) DEFAULT NULL,
  PRIMARY KEY (`id`)
) ENGINE=InnoDB  DEFAULT CHARSET=latin1 AUTO_INCREMENT=14 ;

--
-- 转存表中的数据 `users`
--

INSERT INTO `users` (`id`, `name`, `pwd`, `createdTime`, `nickname`, `height`) VALUES
(7, '13581999594', '863ce7e048e3461cd3d5eeb6019f3296', '2014-12-21 15:16:24', '海贼之王', 190),
(12, '13581999595', '4297f44b13955235245b2497399d7a93', '2014-12-27 16:38:04', '我是田野', 222),
(13, '13811439485', '4297f44b13955235245b2497399d7a93', '2015-07-23 11:28:31', NULL, NULL);

-- --------------------------------------------------------

--
-- 表的结构 `weight`
--

CREATE TABLE IF NOT EXISTS `weight` (
  `id` int(11) NOT NULL AUTO_INCREMENT,
  `val` float(5,2) DEFAULT NULL,
  `unit` char(10) DEFAULT NULL,
  `datetime` datetime DEFAULT NULL,
  `userId` int(11) DEFAULT NULL,
  PRIMARY KEY (`id`),
  UNIQUE KEY `datetime` (`datetime`)
) ENGINE=InnoDB  DEFAULT CHARSET=latin1 AUTO_INCREMENT=255 ;

--
-- 转存表中的数据 `weight`
--

INSERT INTO `weight` (`id`, `val`, `unit`, `datetime`, `userId`) VALUES
(1, 100.50, 'kilograms', '2014-11-21 08:56:29', 7),
(2, 102.00, 'kilograms', '2014-11-23 08:56:29', 7),
(3, 101.22, 'kilograms', '2014-11-22 08:56:29', 7),
(4, 102.00, 'kilograms', '2014-11-24 18:35:35', 7),
(5, 101.50, 'kilograms', '2014-11-25 08:50:22', 7),
(6, 101.00, 'kilograms', '2014-11-26 09:46:33', 7),
(7, 101.00, 'kilograms', '2014-11-27 09:56:08', 7),
(8, 99.00, 'kilograms', '2014-11-28 09:35:05', 7),
(9, 100.00, 'kilograms', '2014-11-29 10:08:41', 7),
(10, 100.50, 'kilograms', '2014-11-30 10:09:52', 7),
(11, 100.00, 'kilograms', '2014-12-01 13:26:04', 7),
(12, 100.00, 'kilograms', '2014-12-02 20:45:51', 7),
(13, 101.00, 'kilograms', '2014-12-03 08:32:08', 7),
(14, 100.00, 'kilograms', '2014-12-03 09:06:39', 7),
(15, 99.00, 'kilograms', '2014-12-04 09:09:13', 7),
(16, 100.00, 'kilograms', '2014-12-05 09:22:01', 7),
(17, 102.00, 'kilograms', '2014-12-06 09:42:11', 7),
(18, 101.00, 'kilograms', '2014-12-07 11:13:03', 7),
(19, 101.00, 'kilograms', '2014-12-08 09:14:30', 7),
(20, 101.00, 'kilograms', '2014-12-08 20:08:02', 7),
(21, 102.00, 'kilograms', '2014-12-08 20:08:17', 7),
(22, 101.00, 'kilograms', '2014-12-08 20:14:17', 7),
(23, 102.00, 'kilograms', '2014-12-09 11:56:05', 7),
(24, 103.00, 'kilograms', '2014-12-09 12:45:57', 7),
(25, 102.00, 'kilograms', '2014-12-09 12:48:11', 7),
(26, 103.00, 'kilograms', '2014-12-09 12:48:38', 7),
(27, 102.00, 'kilograms', '2014-12-10 09:05:27', 7),
(28, 102.00, 'kilograms', '2014-12-11 08:44:07', 7),
(29, 99.00, 'kilograms', '2014-12-12 08:49:26', 7),
(30, 105.00, 'kilograms', '2014-12-13 22:36:49', 7),
(31, 102.00, 'kilograms', '2014-12-14 12:01:44', 7),
(32, 102.00, 'kilograms', '2014-12-15 08:44:37', 7),
(33, 100.00, 'kilograms', '2014-12-16 22:08:13', 7),
(34, 101.00, 'kilograms', '2014-12-17 08:37:29', 7),
(35, 101.00, 'kilograms', '2014-12-18 09:31:07', 7),
(36, 103.00, 'kilograms', '2014-12-19 23:47:57', 7),
(37, 101.00, 'kilograms', '2014-12-20 09:27:14', 7),
(38, 103.00, 'kilograms', '2014-12-21 00:26:21', 7),
(39, 102.00, 'kilograms', '2014-12-21 09:47:11', 7),
(40, 102.00, 'kilograms', '2014-12-22 09:13:13', 7),
(41, 102.00, 'kilograms', '2014-12-23 08:31:29', 7),
(42, 101.00, 'kilograms', '2014-12-23 22:54:23', 7),
(43, 101.00, 'kilograms', '2014-12-24 08:25:54', 7),
(44, 102.00, 'kilograms', '2014-12-25 08:50:51', 7),
(45, 103.00, 'kilograms', '2014-12-26 15:47:39', 7),
(46, 101.00, 'kilograms', '2014-12-26 22:08:12', 7),
(47, 100.00, 'kilograms', '2014-12-27 08:56:05', 7),
(48, 102.00, 'kilograms', '2014-12-28 09:47:19', 7),
(49, 101.00, 'kilograms', '2014-12-29 19:51:23', 7),
(50, 102.00, 'kilograms', '2014-12-29 19:51:32', 7),
(51, 101.00, 'kilograms', '2014-12-30 09:00:08', 7),
(52, 100.00, 'kilograms', '2014-12-30 22:45:55', 7),
(53, 90.00, 'kilograms', '2014-12-31 09:11:22', 7),
(54, 99.00, 'kilograms', '2014-12-31 09:11:35', 7),
(55, 100.00, 'kilograms', '2014-12-31 09:13:49', 7),
(56, 100.00, 'kilograms', '2015-01-01 09:55:06', 7),
(57, 102.00, 'kilograms', '2015-01-03 09:41:32', 7),
(58, 103.00, 'kilograms', '2015-01-04 09:00:42', 7),
(59, 102.00, 'kilograms', '2015-01-05 13:11:56', 7),
(60, 101.00, 'kilograms', '2015-01-06 09:12:54', 7),
(61, 100.00, 'kilograms', '2015-01-06 21:48:52', 7),
(62, 100.00, 'kilograms', '2015-01-07 09:01:05', 7),
(63, 102.00, 'kilograms', '2015-01-08 07:09:44', 7),
(64, 101.00, 'kilograms', '2015-01-09 08:05:36', 7),
(65, 101.00, 'kilograms', '2015-01-10 10:19:36', 7),
(66, 101.00, 'kilograms', '2015-01-11 15:07:53', 7),
(67, 103.00, 'kilograms', '2015-01-12 08:59:28', 7),
(68, 102.00, 'kilograms', '2015-01-14 08:52:02', 7),
(69, 102.00, 'kilograms', '2015-01-15 10:26:12', 7),
(70, 102.00, 'kilograms', '2015-01-16 08:57:27', 7),
(71, 104.00, 'kilograms', '2015-01-17 10:11:40', 7),
(72, 102.00, 'kilograms', '2015-01-18 10:44:46', 7),
(73, 105.00, 'kilograms', '2015-01-19 09:05:13', 7),
(74, 104.00, 'kilograms', '2015-01-19 09:26:17', 7),
(75, 102.00, 'kilograms', '2015-01-20 07:59:31', 7),
(76, 102.00, 'kilograms', '2015-01-21 07:47:08', 7),
(77, 102.00, 'kilograms', '2015-01-22 08:53:31', 7),
(78, 100.00, 'kilograms', '2015-01-23 11:04:12', 7),
(79, 101.00, 'kilograms', '2015-01-24 08:47:03', 7),
(80, 101.00, 'kilograms', '2015-01-25 09:43:46', 7),
(81, 102.00, 'kilograms', '2015-01-26 08:18:08', 7),
(82, 101.00, 'kilograms', '2015-01-27 09:05:56', 7),
(83, 102.00, 'kilograms', '2015-01-28 22:09:50', 7),
(84, 101.00, 'kilograms', '2015-01-29 09:20:44', 7),
(85, 102.00, 'kilograms', '2015-02-02 21:10:01', 7),
(86, 102.00, 'kilograms', '2015-02-03 21:56:16', 7),
(87, 101.00, 'kilograms', '2015-02-04 08:55:42', 7),
(88, 102.00, 'kilograms', '2015-02-05 08:13:45', 7),
(89, 102.00, 'kilograms', '2015-02-06 09:04:14', 7),
(90, 102.00, 'kilograms', '2015-02-08 08:30:34', 7),
(91, 105.00, 'kilograms', '2015-02-09 08:16:39', 7),
(92, 105.00, 'kilograms', '2015-02-09 08:19:49', 7),
(93, 103.00, 'kilograms', '2015-02-10 09:17:52', 7),
(94, 102.00, 'kilograms', '2015-02-10 09:18:32', 7),
(95, 102.00, 'kilograms', '2015-02-11 22:31:46', 7),
(96, 102.00, 'kilograms', '2015-02-12 22:56:38', 7),
(97, 102.00, 'kilograms', '2015-02-13 17:57:00', 7),
(98, 102.00, 'kilograms', '2015-02-14 09:44:35', 7),
(99, 102.00, 'kilograms', '2015-02-15 08:30:28', 7),
(100, 102.00, 'kilograms', '2015-02-16 09:42:24', 7),
(101, 102.00, 'kilograms', '2015-02-17 20:47:12', 7),
(102, 101.00, 'kilograms', '2015-02-18 15:18:16', 7),
(103, 105.00, 'kilograms', '2015-02-22 08:43:51', 7),
(104, 104.00, 'kilograms', '2015-02-25 08:57:02', 7),
(105, 103.00, 'kilograms', '2015-02-26 16:05:41', 7),
(106, 103.00, 'kilograms', '2015-02-27 08:47:39', 7),
(107, 103.00, 'kilograms', '2015-02-28 07:36:29', 7),
(108, 103.00, 'kilograms', '2015-03-02 07:41:03', 7),
(109, 102.00, 'kilograms', '2015-03-03 06:43:52', 7),
(110, 102.00, 'kilograms', '2015-03-05 09:27:45', 7),
(111, 102.00, 'kilograms', '2015-03-06 08:50:35', 7),
(112, 102.00, 'kilograms', '2015-03-07 09:46:40', 7),
(113, 102.00, 'kilograms', '2015-03-09 08:02:33', 7),
(114, 103.00, 'kilograms', '2015-03-10 07:59:58', 7),
(115, 101.00, 'kilograms', '2015-03-11 07:24:23', 7),
(116, 103.00, 'kilograms', '2015-03-12 08:47:37', 7),
(117, 102.00, 'kilograms', '2015-03-16 07:31:46', 7),
(118, 102.00, 'kilograms', '2015-03-17 08:57:28', 7),
(119, 102.00, 'kilograms', '2015-03-18 08:22:59', 7),
(120, 101.00, 'kilograms', '2015-03-19 08:09:01', 7),
(121, 102.00, 'kilograms', '2015-03-20 19:59:08', 7),
(122, 101.00, 'kilograms', '2015-03-21 10:23:16', 7),
(123, 102.00, 'kilograms', '2015-03-24 23:35:57', 7),
(124, 102.00, 'kilograms', '2015-03-26 07:39:30', 7),
(125, 101.00, 'kilograms', '2015-03-27 08:07:21', 7),
(126, 102.00, 'kilograms', '2015-03-28 09:24:38', 7),
(127, 101.00, 'kilograms', '2015-03-29 08:36:32', 7),
(128, 102.00, 'kilograms', '2015-03-30 07:26:31', 7),
(129, 102.00, 'kilograms', '2015-03-31 07:16:26', 7),
(130, 101.00, 'kilograms', '2015-03-31 08:40:33', 7),
(131, 102.00, 'kilograms', '2015-04-01 08:48:22', 7),
(132, 102.00, 'kilograms', '2015-04-07 08:40:35', 7),
(133, 100.00, 'kilograms', '2015-04-08 09:04:12', 7),
(134, 101.00, 'kilograms', '2015-04-09 09:00:21', 7),
(135, 100.00, 'kilograms', '2015-04-10 23:05:42', 7),
(136, 100.00, 'kilograms', '2015-04-11 09:01:30', 7),
(137, 100.00, 'kilograms', '2015-04-13 21:00:15', 7),
(138, 101.00, 'kilograms', '2015-04-14 08:43:43', 7),
(139, 100.00, 'kilograms', '2015-04-15 09:06:57', 7),
(140, 100.00, 'kilograms', '2015-04-16 09:05:22', 7),
(141, 95.00, 'kilograms', '2015-04-16 09:05:56', 7),
(142, 100.00, 'kilograms', '2015-04-16 09:06:18', 7),
(143, 101.00, 'kilograms', '2015-04-17 07:50:17', 7),
(144, 100.00, 'kilograms', '2015-04-18 05:55:01', 7),
(145, 101.00, 'kilograms', '2015-04-20 09:19:15', 7),
(146, 100.00, 'kilograms', '2015-04-21 09:13:58', 7),
(147, 100.00, 'kilograms', '2015-04-22 09:01:29', 7),
(148, 99.00, 'kilograms', '2015-04-23 09:01:15', 7),
(149, 99.00, 'kilograms', '2015-04-24 09:05:00', 7),
(150, 100.00, 'kilograms', '2015-04-27 09:00:45', 7),
(151, 100.00, 'kilograms', '2015-04-28 09:30:14', 7),
(152, 99.00, 'kilograms', '2015-04-29 08:44:43', 7),
(153, 100.00, 'kilograms', '2015-05-01 09:50:35', 7),
(154, 100.00, 'kilograms', '2015-05-04 08:29:32', 7),
(155, 100.00, 'kilograms', '2015-05-05 23:44:58', 7),
(156, 100.00, 'kilograms', '2015-05-06 09:08:11', 7),
(157, 98.00, 'kilograms', '2015-05-06 11:42:44', 7),
(158, 100.00, 'kilograms', '2015-05-07 08:31:39', 7),
(159, 99.00, 'kilograms', '2015-05-08 08:51:26', 7),
(160, 101.00, 'kilograms', '2015-05-09 15:49:16', 7),
(161, 102.00, 'kilograms', '2015-05-12 07:11:35', 7),
(162, 101.00, 'kilograms', '2015-05-12 09:23:29', 7),
(163, 102.00, 'kilograms', '2015-05-13 09:55:29', 7),
(164, 100.00, 'kilograms', '2015-05-13 18:16:58', 7),
(165, 101.00, 'kilograms', '2015-05-14 22:15:26', 7),
(166, 101.00, 'kilograms', '2015-05-16 11:10:27', 7),
(167, 100.00, 'kilograms', '2015-05-16 11:26:33', 7),
(168, 101.00, 'kilograms', '2015-05-18 08:31:51', 7),
(169, 102.00, 'kilograms', '2015-05-19 06:32:48', 7),
(170, 100.00, 'kilograms', '2015-05-19 08:37:00', 7),
(171, 100.00, 'kilograms', '2015-05-20 09:23:27', 7),
(172, 99.00, 'kilograms', '2015-05-21 08:54:08', 7),
(173, 100.00, 'kilograms', '2015-05-21 08:55:24', 7),
(174, 100.00, 'kilograms', '2015-05-22 09:01:00', 7),
(175, 101.00, 'kilograms', '2015-05-26 09:41:31', 7),
(176, 201.00, 'jin', '2015-05-27 09:08:58', 7),
(177, 101.00, 'kilograms', '2015-05-28 09:25:41', 7),
(178, 100.00, 'kilograms', '2015-05-29 09:14:59', 7),
(179, 101.00, 'kilograms', '2015-05-30 10:56:01', 7),
(180, 100.00, 'kilograms', '2015-05-31 23:14:27', 7),
(181, 101.00, 'kilograms', '2015-06-01 23:15:15', 7),
(182, 100.00, 'kilograms', '2015-06-02 00:02:32', 7),
(183, 100.00, 'kilograms', '2015-06-03 08:00:23', 7),
(184, 100.00, 'kilograms', '2015-06-04 23:06:14', 7),
(185, 101.00, 'kilograms', '2015-06-07 22:23:32', 7),
(186, 111.00, 'kilograms', '2015-06-08 06:57:36', 7),
(187, 101.00, 'kilograms', '2015-06-11 08:23:41', 7),
(188, 100.00, 'kilograms', '2015-06-12 09:07:18', 7),
(189, 100.00, 'kilograms', '2015-06-16 08:50:38', 7),
(190, 99.00, 'kilograms', '2015-06-17 09:18:01', 7),
(191, 100.00, 'kilograms', '2015-06-18 08:58:21', 7),
(192, 100.00, 'kilograms', '2015-06-19 00:29:07', 7),
(193, 100.00, 'kilograms', '2015-06-23 08:45:56', 7),
(194, 100.00, 'kilograms', '2015-06-24 09:04:31', 7),
(195, 99.00, 'kilograms', '2015-06-27 15:58:36', 7),
(196, 99.00, 'kilograms', '2015-06-28 11:28:02', 7),
(197, 100.00, 'kilograms', '2015-06-30 00:23:21', 7),
(198, 98.00, 'kilograms', '2015-06-30 09:20:51', 7),
(199, 99.00, 'kilograms', '2015-07-01 08:38:03', 7),
(200, 98.00, 'kilograms', '2015-07-03 09:15:29', 7),
(201, 99.00, 'kilograms', '2015-07-05 21:15:36', 7),
(202, 99.00, 'kilograms', '2015-07-06 07:52:43', 7),
(203, 99.00, 'kilograms', '2015-07-07 09:00:33', 7),
(204, 99.00, 'kilograms', '2015-07-08 07:59:51', 7),
(205, 99.00, 'kilograms', '2015-07-09 01:39:45', 7),
(206, 98.00, 'kilograms', '2015-07-09 09:41:14', 7),
(207, 99.00, 'kilograms', '2015-07-10 09:20:46', 7),
(208, 100.00, 'kilograms', '2015-07-11 12:14:13', 7),
(209, 99.00, 'kilograms', '2015-07-11 18:30:19', 7),
(210, 99.00, 'kilograms', '2015-07-12 08:51:30', 7),
(211, 100.00, 'kilograms', '2015-07-13 08:22:23', 7),
(212, 97.00, 'kilograms', '2015-07-14 09:06:34', 7),
(213, 99.00, 'kilograms', '2015-07-14 21:05:14', 7),
(214, 99.00, 'kilograms', '2015-07-15 10:48:30', 7),
(215, 98.00, 'kilograms', '2015-07-16 09:30:44', 7),
(216, 99.00, 'kilograms', '2015-07-17 23:21:08', 7),
(217, 99.00, 'kilograms', '2015-07-18 01:06:39', 7),
(218, 99.00, 'kilograms', '2015-07-20 21:17:40', 7),
(219, 98.00, 'kilograms', '2015-07-21 09:03:54', 7),
(220, 98.00, 'kilograms', '2015-07-22 09:35:51', 7),
(221, 99.00, 'kilograms', '2015-07-23 10:08:37', 7),
(222, 97.00, 'kilograms', '2015-07-24 00:52:52', 13),
(223, 99.00, 'kilograms', '2015-07-25 12:55:09', 13),
(224, 98.00, 'kilograms', '2015-07-27 10:59:28', 13),
(225, 98.00, 'kilograms', '2015-07-28 09:50:55', 13),
(226, 98.00, 'kilograms', '2015-07-29 08:59:38', 7),
(227, 98.00, 'kilograms', '2015-07-30 08:45:49', 7),
(228, 98.00, 'kilograms', '2015-07-31 00:00:09', 13),
(229, 97.00, 'kilograms', '2015-07-31 00:22:04', 13),
(230, 98.00, 'kilograms', '2015-08-01 22:56:19', 7),
(231, 98.90, 'kilograms', '2015-08-02 00:00:20', 7),
(232, 97.40, 'kilograms', '2015-08-02 11:13:24', 7),
(233, 98.60, 'kilograms', '2015-08-02 23:10:07', 7),
(234, 97.50, 'kilograms', '2015-08-03 08:09:16', 7),
(235, 98.00, 'kilograms', '2015-08-04 01:14:07', 7),
(236, 97.00, 'kilograms', '2015-08-04 08:00:01', 7),
(237, 98.00, 'kilograms', '2015-08-04 08:01:25', 7),
(238, 97.00, 'kilograms', '2015-08-04 08:01:38', 7),
(239, 97.80, 'kilograms', '2015-08-05 11:39:53', 7),
(240, 97.20, 'kilograms', '2015-08-06 08:16:28', 7),
(241, 97.60, 'kilograms', '2015-08-07 10:03:53', 7),
(242, 97.00, 'kilograms', '2015-08-08 11:27:59', 7),
(243, 98.00, 'kilograms', '2015-08-09 22:03:41', 7),
(244, 96.40, 'kilograms', '2015-08-09 22:15:18', 7),
(245, 97.00, 'kilograms', '2015-08-10 07:51:16', 7),
(246, 96.60, 'kilograms', '2015-08-10 09:31:00', 7),
(247, 97.50, 'kilograms', '2015-08-10 22:56:38', 7),
(248, 97.10, 'kilograms', '2015-08-11 00:19:13', 7),
(249, 97.40, 'kilograms', '2015-08-12 09:25:35', 7),
(250, 97.60, 'kilograms', '2015-08-13 09:13:52', 7),
(251, 97.40, 'kilograms', '2015-08-14 10:23:34', 7),
(252, 97.10, 'kilograms', '2015-08-15 10:39:23', 7),
(253, 96.60, 'kilograms', '2015-08-16 11:22:48', 7),
(254, 97.20, 'kilograms', '2015-08-17 08:34:22', 7);

-- --------------------------------------------------------

--
-- 表的结构 `workout`
--

CREATE TABLE IF NOT EXISTS `workout` (
  `id` int(11) NOT NULL AUTO_INCREMENT,
  `userId` int(11) DEFAULT NULL,
  `calorie` int(11) NOT NULL,
  `type` varchar(10) DEFAULT NULL,
  `datetime` datetime NOT NULL,
  PRIMARY KEY (`id`)
) ENGINE=InnoDB  DEFAULT CHARSET=utf8 AUTO_INCREMENT=53 ;

--
-- 转存表中的数据 `workout`
--

INSERT INTO `workout` (`id`, `userId`, `calorie`, `type`, `datetime`) VALUES
(1, 1, 637, '跑步', '2014-12-07 21:37:56'),
(3, 1, 658, '跑步', '2014-12-11 21:53:47'),
(4, 1, 634, '跑步', '2014-12-14 21:11:53'),
(5, 1, 645, '跑步', '2014-12-16 22:05:51'),
(6, 1, 635, '跑步', '2014-12-21 00:26:41'),
(7, 1, 634, '跑步', '2014-12-21 17:42:45'),
(8, 1, 634, '跑步', '2014-12-23 23:48:42'),
(9, 1, 672, '跑步', '2014-12-28 22:50:53'),
(10, 1, 636, '跑步', '2014-12-30 22:45:43'),
(11, 1, 671, '跑步', '2015-01-06 21:48:32'),
(12, 1, 634, '跑步', '2015-01-08 23:14:25'),
(13, 1, 1113, '跑步', '2015-01-10 19:14:24'),
(14, 1, 632, '跑步', '2015-01-16 23:16:58'),
(15, 1, 1243, '跑步', '2015-01-17 21:08:41'),
(16, 1, 622, '跑步', '2015-01-19 21:46:28'),
(17, 1, 1356, '跑步13KM', '2015-01-24 21:17:14'),
(18, 1, 622, '跑步', '2015-01-26 22:40:42'),
(19, 1, 621, '跑步', '2015-02-03 22:35:57'),
(20, 1, 551, '跑步', '2015-02-09 23:38:10'),
(21, 1, 627, '跑步', '2015-02-14 11:09:26'),
(22, 1, 1310, '跑步13km', '2015-02-16 17:48:14'),
(23, 1, 670, '跑步', '2015-02-18 15:18:48'),
(24, 1, 669, '跑步', '2015-02-22 23:08:30'),
(25, 1, 550, '跑步', '2015-02-25 23:18:08'),
(26, 1, 691, '跑步', '2015-03-11 07:21:21'),
(27, 1, 810, '跑步', '2015-03-12 22:25:46'),
(28, 1, 901, '跑步', '2015-03-24 23:35:53'),
(29, 1, 1513, '跑步', '2015-03-28 18:29:09'),
(30, 1, 804, '跑步', '2015-03-30 23:41:36'),
(31, 1, 919, '跑步', '2015-04-17 00:29:35'),
(32, 1, 2916, '跑步', '2015-04-18 21:06:56'),
(33, 1, 945, '跑步10KM', '2015-04-23 22:55:16'),
(34, 1, 1, 'TEST', '2015-04-23 22:55:36'),
(35, 1, 820, '跑步', '2015-04-28 23:58:31'),
(36, 1, 1022, '跑步', '2015-05-06 20:58:13'),
(37, 1, 1014, '10km排酸跑', '2015-05-13 18:17:31'),
(38, 1, 1104, '跑步', '2015-05-16 11:27:16'),
(39, 1, 754, '跑步', '2015-05-20 09:24:07'),
(40, 1, 1118, '跑步', '2015-05-26 09:42:15'),
(41, 1, 896, '跑步', '2015-06-04 23:07:32'),
(42, 1, 350, 'keep 2d', '2015-06-27 23:00:08'),
(43, 1, 13, '跑步', '2015-07-05 21:17:12'),
(44, 1, 1343, '跑步13lsd', '2015-07-05 21:17:33'),
(45, 1, 1085, '跑步10KM', '2015-07-08 08:04:01'),
(46, 1, 1065, '跑步10km', '2015-07-11 18:30:06'),
(47, 1, 396, '步行', '2015-07-14 09:06:11'),
(48, 1, 1937, '跑步19.2', '2015-07-14 09:06:29'),
(49, 1, 747, '跑步', '2015-07-29 22:34:15'),
(50, 1, 300, 'keep', '2015-07-31 08:40:09'),
(51, 1, 1102, '跑步', '2015-08-04 01:14:01'),
(52, 1, 350, 'Hiit 2d', '2015-08-10 23:46:27');

/*!40101 SET CHARACTER_SET_CLIENT=@OLD_CHARACTER_SET_CLIENT */;
/*!40101 SET CHARACTER_SET_RESULTS=@OLD_CHARACTER_SET_RESULTS */;
/*!40101 SET COLLATION_CONNECTION=@OLD_COLLATION_CONNECTION */;
